包名,可疑评论占比(T1=0.4),可疑评论占比(T1=0.6),可疑评论占比(T1=0.8),评论用户占可疑用户比例(T1=0.4),评论用户占可疑用户比例(T1=0.6),评论用户占可疑用户比例(T1=0.8)
com.squloan.android,0.8551774740897001,0.8319728515087591,0.8156470696138678,0.13459956116291827,0.15959059893858984,0.16495634170492393
com.android.apin,0.991941391941392,0.9897435897435898,0.9706959706959707,0.08646461876028524,0.10576194086429112,0.1110811054100279
com.kdlc.xqb,0.46408944476028047,0.4540458593898048,0.4540458593898048,0.08344761382336807,0.10037065116670879,0.10725537852191916
com.jzg.jzgoto.phone,0.4360116975351622,0.35009051664113633,0.3336582648656176,0.09685271530444323,0.10437199898913319,0.10658025024754704
cn.com.wealth365.licai,0.5056030389363723,0.4547008547008547,0.4288698955365622,0.08307048820625343,0.0925785527756718,0.09357277882797732
com.mayi.android.shortrent,0.40888772022087827,0.3761504075729687,0.37299500394425456,0.07683077345035655,0.08609215735826804,0.0909172742821136
com.tiange.grape,0.8029355803207393,0.7950530035335689,0.7757542810546344,0.06901398793198026,0.08398618482014994,0.08713655594562968
com.collectplus.express,0.9567502021018593,0.9413904607922393,0.8718674211802748,0.06363137685134394,0.07665740038749895,0.07705464038167252
com.jrd.loan,0.5978607191624943,0.41579426490669097,0.38484296768320436,0.06760833790455294,0.0694970937578974,0.07106850301557296
com.shunfengche.ride,0.46242457487657707,0.4459681843115743,0.4391113549094898,0.053037575425123426,0.06263162328363238,0.06589251957871996
com.jhwl.fjxa,0.8501584427342689,0.8438207333635129,0.797193300135808,0.053071859572133846,0.06477971527251285,0.06517238275272302
com.zhan.ieltstiku,0.39249061326658324,0.3599499374217772,0.3591989987484355,0.053654690071311024,0.06044141184398955,0.06449725447835089
com.zhan.toefltom,0.449063670411985,0.41647940074906364,0.41647940074906364,0.04110669226549644,0.04683682924774661,0.05004950940678729
app.twotiger.p2p,0.8626373626373627,0.8579277864992151,0.8210361067503925,0.037643993417443775,0.04599444023249937,0.047033936447925105
net.devking.randomchat.android,0.44131803035912626,0.41392077008515366,0.4024435394298408,0.03802111903455842,0.04359363153904473,0.045278602934557564
com.dai58.zhengxin,0.9033485540334856,0.882800608828006,0.837138508371385,0.0363069116840373,0.043467273186757645,0.04428841479881177
com.julanling.dgq,0.6690800681431005,0.6307495741056218,0.5681431005110733,0.038946791003839826,0.044267542751242527,0.04419839769556216
com.yourong.www,0.7146932952924394,0.7011412268188303,0.6733238231098431,0.031609983543609436,0.0380759834891753,0.038932397155459535
bczp.activity,0.6205067766647024,0.5981143193871538,0.5079552150854449,0.03527838727372463,0.0417403757055008,0.03879737150058511
com.unicom.zworeader.ui,0.5199152542372881,0.48559322033898306,0.42203389830508475,0.03411272627537027,0.03955016426585797,0.03785219191646413
com.niuwa.niubei.android,0.3958333333333333,0.36083333333333334,0.36083333333333334,0.030341470104223806,0.03495914413276051,0.03735709784859123
com.mallestudio.gugu.app,0.3694620253164557,0.35324367088607594,0.3528481012658228,0.02893582007679649,0.03415887456827563,0.03645692681609506
com.gjfax.app,0.48591788259246693,0.334577536477774,0.2921615201900237,0.037678277564454195,0.03651756381096791,0.03483661895760194
com.mobivans.onestrokecharge,0.42324324324324325,0.3854054054054054,0.3745945945945946,0.025987383433900165,0.02944149608289108,0.030605815104869927
com.kingdee.zhihuiji,0.7324276432368576,0.7247489663319551,0.70939161252215,0.023347504114097643,0.028472748715356752,0.02984066972724818
com.zhangdan.app,0.2576464489372732,0.18679799550717124,0.18386037670641092,0.029038672517827758,0.02779883750315896,0.02907552434962643
com.daikuan.jisu,0.8249475890985325,0.759958071278826,0.6698113207547169,0.02533598464070214,0.028514868166119114,0.02660005401026195
com.umaman.laiyifen,0.7348314606741573,0.7056179775280899,0.6640449438202247,0.02235326385079539,0.02636677617723865,0.026510036907012334
cn.douyuu.miqu,0.3190045248868778,0.2549019607843137,0.24849170437405732,0.025541689522764675,0.025482267711229047,0.026465028355387523
com.kingdee.zhihuiji.shop,0.6718009478672986,0.659952606635071,0.6540284360189573,0.019233406472846954,0.023207817370061494,0.024574669187145556
com.huobi,0.648346930012881,0.2674967797337913,0.23100042936882784,0.03082144816236972,0.025187431555892512,0.02407957511927266
com.lexiwed,0.7339955849889624,0.7064017660044151,0.6821192052980133,0.018959133296763575,0.022449667256338977,0.023359438293275723
com.okcoin.trader,0.3928358208955224,0.33492537313432835,0.3301492537313433,0.020844761382336808,0.022028472748715357,0.023224412638401297
com.yek.android.yemaijiu,0.8131443298969072,0.7757731958762887,0.6997422680412371,0.019370543060888645,0.022618145059388424,0.021829147538032227
com.wmlover,0.5513465522343889,0.3444806155667357,0.1559633027522936,0.040352441031267144,0.032853171594642405,0.02002880547303988
com.zelyy.finance,0.5770456960680127,0.5154091392136025,0.5154091392136025,0.016764947888096543,0.018574677786201668,0.01984877126654064
com.miaohua.fofalife,0.6479217603911981,0.6063569682151589,0.5929095354523227,0.015462150301700494,0.018111363827815686,0.01890359168241966
cn.bivlea,0.5099557522123894,0.3418141592920354,0.17699115044247787,0.036238343390016456,0.029525734984415804,0.018363489062921956
com.arsenal.FunWeather,0.971107544141252,0.898876404494382,0.8218298555377207,0.01597641250685683,0.01840619998315222,0.018273471959672338
com.fairytale.fortune,0.2542351453855879,0.11276864728192162,0.10973451327433628,0.03212424574876577,0.017437452615617893,0.018273471959672338
com.nd.up91.p17,0.9284802043422733,0.8582375478927203,0.7828863346104725,0.016044980800877674,0.017985005475528597,0.017598343685300208
com.slkj.paotui.customer,0.6427860696517413,0.6019900497512438,0.23532338308457712,0.022387547997805814,0.024218684188358184,0.01683319830767846
cn.mirong.caishenloan,0.44273127753303965,0.40969162995594716,0.40748898678414097,0.013782227098189798,0.015668435683598686,0.016653164101179223
com.byyuanyoubao.app.ui,0.45454545454545453,0.44823232323232326,0.44823232323232326,0.012342292923752057,0.014952405020638531,0.015978035826807093
com.unicom.wopay,0.4969249692496925,0.4354243542435424,0.4354243542435424,0.013850795392210642,0.01491028556987617,0.015933027275182286
com.gwchina.lssw.parent,0.43028846153846156,0.3389423076923077,0.29086538461538464,0.016662095447065275,0.016089630191222306,0.015482941758934197
com.summon.calldragon,0.34355044699872284,0.23690932311621968,0.22349936143039592,0.017484914975315412,0.014531210513014911,0.014582770726438023
cn.danatech.xingseapp,0.5704347826086956,0.5704347826086956,0.5530434782608695,0.011245200219418541,0.013815179850054756,0.01431271941668917
com.coohua.xinwenzhuan,0.5187043795620438,0.35036496350364965,0.3156934306569343,0.012513713658804168,0.01145649060736248,0.011702223422450265
com.hoperun.intelligenceportal,0.6150537634408603,0.6150537634408603,0.6043010752688172,0.00908529895776193,0.011161654452025946,0.011702223422450265
com.imo,0.9645669291338582,0.9173228346456693,0.8346456692913385,0.008399616017553483,0.00981383202763036,0.009541812944459447
com.hk515.patient,0.34108527131782945,0.25249169435215946,0.23809523809523808,0.010182391662095447,0.009350518069244376,0.00940678728958502
com.zhuanqian.weather,0.6130790190735694,0.5776566757493188,0.5722070844686649,0.007405375754251234,0.008550248504759498,0.009046718876586552
com.gipnetix.doorsrevenge,0.3997955010224949,0.33486707566462165,0.2684049079754601,0.009736697750959956,0.009561115323056188,0.008956701773336934
com.huahua.yueyu,0.35081967213114756,0.33278688524590166,0.3163934426229508,0.007336807460230389,0.008550248504759498,0.008686650463588082
com.baibai.baibai,0.6448598130841121,0.5950155763239875,0.5950155763239875,0.007096818431157433,0.008044815095611153,0.008596633360338465
org.mfactory.three.vegetable,0.44147940074906367,0.31413857677902624,0.28230337078651685,0.010662369720241361,0.008718726307808946,0.008506616257088847
com.seleuco.mame4all728,0.5561632309633993,0.37021455616323096,0.2936474547749264,0.021976138233680748,0.014573329963777273,0.00801152218921595
cn.xhlx.android.hna,0.9029126213592233,0.883495145631068,0.8543689320388349,0.006376851343938563,0.007665740038749895,0.007921505085966334
com.hll.phone_recycle,0.2867332382310984,0.24821683309557774,0.24821683309557774,0.006891113549094899,0.007328784432650998,0.007831487982716717
com.neusoft.ebpp,0.8625,0.825,0.7083333333333334,0.007096818431157433,0.008339651250947688,0.007651453776217482
com.doding.match,0.7946554149085795,0.7552742616033755,0.69901547116737,0.0066854086670323646,0.007286664981888636,0.007201368259969394
com.umuad,0.4134831460674157,0.35730337078651686,0.3550561797752809,0.006308283049917718,0.006696992671215567,0.007111351156719777
com.when.wannianli,0.5736434108527132,0.5736434108527132,0.5736434108527132,0.00503976961053209,0.006191559262067222,0.006616257088846881
com.ci123.baby,0.7019230769230769,0.7019230769230769,0.7019230769230769,0.004936917169500823,0.006065200909780136,0.006481231433972455
com.liuzhuni.lzn,0.5814814814814815,0.5518518518518518,0.5333333333333333,0.005382611080636313,0.006275798163591946,0.006481231433972455
com.yunxi.calendar,0.47863247863247865,0.47863247863247865,0.4700854700854701,0.004971201316511245,0.006107320360542499,0.006391214330722837
com.daikuan.daikuanbao,0.6010928961748634,0.4808743169398907,0.3770491803278688,0.0075425123422929235,0.007413023334175722,0.006211180124223602
com.thinkwage.zhengxin,0.6982456140350877,0.6771929824561403,0.6771929824561403,0.0047997805814591335,0.005644006402156516,0.006031145917724368
com.zhimore.mama,0.49836065573770494,0.4557377049180328,0.43934426229508194,0.005211190345584202,0.005854603655968326,0.006031145917724368
com.emipian.activity,0.6238532110091743,0.6055045871559633,0.5871559633027523,0.004422654964344487,0.005264931345295257,0.005446034746601855
com.lz,0.6292134831460674,0.6235955056179775,0.6235955056179775,0.0038398244651673065,0.004675259034622188,0.004995949230353767
com.jianzhi.calendar,0.9553571428571429,0.9553571428571429,0.9464285714285714,0.0036684037301151946,0.004506781231572741,0.004770906472229723
com.sostation.mbreader,0.6666666666666666,0.6666666666666666,0.603448275862069,0.0039769610532089964,0.004885856288433999,0.004725897920604915
com.maibaapp.elf,0.144,0.11413333333333334,0.11413333333333334,0.004491223258365332,0.00429618397776093,0.004590872265730489
cn.wangxiao.jszzhuntiku,0.3368421052631579,0.3333333333333333,0.3333333333333333,0.0032912781130005485,0.004001347822424396,0.004275812404356828
com.iflytek.womusicclient,0.4943820224719101,0.4943820224719101,0.4887640449438202,0.0030170049369171695,0.003706511667087861,0.003915743991358358
com.orangenose.cannonhero,0.1841100076394194,0.09778456837280367,0.09472880061115355,0.004422654964344487,0.002906242102602982,0.003015572958862184
com.a55haitao.wwht,0.41818181818181815,0.26545454545454544,0.23636363636363636,0.003942676906198574,0.0030747199056524303,0.0029255558556125663
com.senty.android.babystory,0.6304347826086957,0.6195652173913043,0.5706521739130435,0.0023656061437191444,0.002822003201078258,0.002835538752362949
com.dalongtech.cloud,0.03150984682713348,0.026695842450765863,0.0262582056892779,0.0022970378496982996,0.0025271670457417236,0.002655504545863714
com.rac7.DarkEcho,0.26576576576576577,0.22409909909909909,0.18018018018018017,0.002982720789906747,0.00286412265184062,0.002610495994238905
com.metals,0.23195876288659795,0.16494845360824742,0.16494845360824742,0.002434174437739989,0.0024008086934546374,0.002565487442614097
com.haitao,0.24150943396226415,0.21509433962264152,0.21509433962264152,0.00215990126165661,0.0023586892426922753,0.002520478890989288
com.yueye.zhongguofangkuai,0.717948717948718,0.6239316239316239,0.5811965811965812,0.0023656061437191444,0.0025271670457417236,0.002520478890989288
com.yisheng.baijindai,0.23684210526315788,0.23684210526315788,0.23684210526315788,0.0018513439385628085,0.002274450341167551,0.0024304617877396704
com.happigo.activity,0.4742268041237113,0.16494845360824742,0.12628865979381443,0.005828304991771805,0.002695644848791172,0.002205419029615627
com.yycredit.app,0.6901408450704225,0.6901408450704225,0.6901408450704225,0.0016799232035106966,0.0020638530873557407,0.002205419029615627
com.cn.android.meixi,0.8172983479105929,0.11273080660835763,0.052478134110787174,0.00908529895776193,0.003032600454890068,0.002070393374741201
com.stdk.hjdk,0.9038461538461539,0.8653846153846154,0.8653846153846154,0.0015770707624794295,0.0018953752843062926,0.002025384823116392
lqh.dream.llk,0.18220338983050846,0.1694915254237288,0.1694915254237288,0.0014742183214481624,0.0016847780304944824,0.0018003420649923484
com.lhyy.childrenfishing,0.696969696969697,0.6363636363636364,0.6363636363636364,0.00143993417443774,0.0016426585797321203,0.0017553335133675399
com.doding.childrenmusic,0.8,0.7166666666666667,0.6666666666666666,0.0015770707624794295,0.0017268974812568445,0.001710324961742731
com.csii.hkb,0.45,0.45,0.45,0.0012342292923752057,0.001516300227445034,0.0016203078584931137
com.huishuakapa19.credit,0.26153846153846155,0.26153846153846155,0.26153846153846155,0.001165660998354361,0.00143206132592031,0.0015302907552434963
com.lhyy.childrenpuzzle,0.7678571428571429,0.5535714285714286,0.5535714285714286,0.00143993417443774,0.001305702973633224,0.0013952651003690702
com.miaomiaoapp.tinydungeon1,0.19379194630872484,0.0662751677852349,0.06208053691275168,0.0032912781130005485,0.0013899418751579479,0.0013952651003690702
com.dwzyttkp.game,0.6612903225806451,0.5806451612903226,0.5,0.0013370817334064729,0.00143206132592031,0.0013052479971194526
com.sparklingsociety.cityisland,0.15361625821876868,0.07112970711297072,0.05080693365212194,0.003428414701042238,0.0016005391289697583,0.0013052479971194526
cn.relian99,0.49383301707779886,0.033918406072106264,0.019449715370018977,0.0261930883159627,0.0020217336365933787,0.001260239445494644
com.topgether.sixfoot,0.39285714285714285,0.30357142857142855,0.1,0.0025713110257816786,0.0025692864965040857,0.001260239445494644
com.freebird.zsp.DailyAccounting,0.35802469135802467,0.30864197530864196,0.30864197530864196,0.0009942402633022491,0.0010529862690590514,0.0011252137906202179
com.huishuaka.zxzs,0.8333333333333334,0.8333333333333334,0.8333333333333334,0.0008571036752605595,0.0010529862690590514,0.0011252137906202179
com.neaststudios.procapture,0.13226571767497033,0.025504151838671413,0.02372479240806643,0.0034969829950630828,0.0009266279167719653,0.000945179584120983
com.gipnetix.escapers,0.09846153846153846,0.04923076923076923,0.029538461538461538,0.002228469555677455,0.0012635835228708618,0.0009001710324961742
com.xinli.fm,0.08921933085501858,0.08921933085501858,0.08178438661710037,0.00071996708721887,0.0008845084660096032,0.0009001710324961742
com.lianjia.sh.android,0.8808510638297873,0.14893617021276595,0.07659574468085106,0.005828304991771805,0.001474180776682672,0.0008101539292465569
com.basalt.google.wizarddefense,0.06299212598425197,0.013325257419745608,0.013325257419745608,0.002502742731760834,0.000716030662960155,0.0007651453776217482
com.leju.platform,0.20388349514563106,0.1262135922330097,0.1262135922330097,0.0009599561162918266,0.000716030662960155,0.0007651453776217482
com.yinshan.guessstarface,0.1456726649528706,0.01970865467009426,0.01970865467009426,0.004765496434448711,0.000716030662960155,0.0007651453776217482
sr.daiv.alls.en,0.043557168784029036,0.036297640653357534,0.034482758620689655,0.0007542512342292924,0.000758150113722517,0.0007651453776217482
com.intimateweather.weather,0.40476190476190477,0.38095238095238093,0.38095238095238093,0.0005828304991771805,0.000673911212197793,0.0007201368259969394
com.pycredit.txxy,0.1452991452991453,0.1452991452991453,0.13675213675213677,0.0005828304991771805,0.000716030662960155,0.0007201368259969394
com.studioonmars.csportable_space,0.08789954337899543,0.02511415525114155,0.023972602739726026,0.0017484914975315414,0.000716030662960155,0.0007201368259969394
com.mobileott.securecall,0.30612244897959184,0.30612244897959184,0.30612244897959184,0.0005142622051563357,0.0006317917614354309,0.0006751282743721307
com.jetsun,0.4523809523809524,0.4523809523809524,0.15476190476190477,0.0014056500274273176,0.0017268974812568445,0.000630119722747322
cn.com.njcb.android.mobilebank,0.325,0.325,0.325,0.00044569391113549094,0.0005475528599107067,0.0005851111711225133
com.baidu.baidulife,0.35185185185185186,0.19135802469135801,0.15432098765432098,0.0009599561162918266,0.0006317917614354309,0.0005851111711225133
net.canking.power,0.041666666666666664,0.03935185185185185,0.034722222222222224,0.0005485463521667581,0.0006317917614354309,0.0005851111711225133
cn.wangxiao.app,0.7800608828006088,0.769406392694064,0.06621004566210045,0.0066854086670323646,0.008044815095611153,0.0005401026194977045
com.myaosoft.Rps05,0.43317972350230416,0.3838051349572087,0.3403554970375247,0.00215990126165661,0.0011372251705837756,0.0005401026194977045
imoblife.batterybooster,0.22413793103448276,0.22413793103448276,0.20689655172413793,0.00044569391113549094,0.0005475528599107067,0.0005401026194977045
com.biggertech.biggerlauncher,0.325,0.3,0.275,0.00044569391113549094,0.0005054334091483447,0.0004950940678728958
com.microinfo.zhaoxiaogong,0.34269662921348315,0.28651685393258425,0.06179775280898876,0.001165660998354361,0.0011372251705837756,0.0004950940678728958
com.citaq.ideliver,0.08433734939759036,0.0783132530120482,0.060240963855421686,0.0004799780581459133,0.0005475528599107067,0.0004500855162480871
com.guixue.m.cet,0.9267241379310345,0.9094827586206896,0.0603448275862069,0.005005485463521668,0.005980962008255412,0.0004500855162480871
com.leduoworks.gpstoolbox,0.025186934277843367,0.0070838252656434475,0.0070838252656434475,0.0010970927043335162,0.0004211945076236206,0.0004500855162480871
com.moxiu.wallpaper,0.8188405797101449,0.45652173913043476,0.036231884057971016,0.007748217224355458,0.00530705079605762,0.0004500855162480871
com.melesta.toydefense3,0.12077294685990338,0.03260869565217391,0.020531400966183576,0.00143993417443774,0.00046331395838598264,0.0004050769646232784
com.sinsiroad.potionmaker,0.11338582677165354,0.029921259842519685,0.02204724409448819,0.0013713658804168952,0.0005054334091483447,0.0004050769646232784
com.goorusoft.MetalWars3,0.04861111111111111,0.034722222222222224,0.034722222222222224,0.00041140976412506856,0.0003369556060988965,0.0003600684129984697
com.realcloud.loochadroid.college,0.03686635944700461,0.03686635944700461,0.03686635944700461,0.00027427317608337906,0.0003369556060988965,0.0003600684129984697
com.bmqz.www,0.11428571428571428,0.1,0.1,0.00027427317608337906,0.0002948361553365344,0.000315059861373661
com.ezinterweb.weseewe,0.0728744939271255,0.05263157894736842,0.044534412955465584,0.0003771256171146462,0.0003369556060988965,0.000315059861373661
com.gavinbrown.blindscape_hh,0.06500541711809317,0.011917659804983749,0.010834236186348862,0.0014742183214481624,0.0003369556060988965,0.000315059861373661
com.headupgames.bridgeconstructormedieval,0.04308202154101077,0.03396851698425849,0.028169014084507043,0.0005485463521667581,0.0003369556060988965,0.000315059861373661
com.kanke.video,0.040229885057471264,0.040229885057471264,0.040229885057471264,0.00023998902907295666,0.0002948361553365344,0.000315059861373661
com.runtastic.android.heartrate.pro,0.019548872180451128,0.006015037593984963,0.0040100250626566416,0.0009599561162918266,0.0003790750568612585,0.000315059861373661
com.ketchapp.skyward,0.04264705882352941,0.025,0.016176470588235296,0.0005485463521667581,0.0003790750568612585,0.00027005130974885227
com.redrobot.globaloutbreak,0.023542600896860985,0.005605381165919282,0.005044843049327354,0.0010285244103126715,0.0002948361553365344,0.00027005130974885227
com.veewo.supercat,0.015412511332728921,0.007252946509519492,0.007252946509519492,0.00044569391113549094,0.00025271670457417233,0.00027005130974885227
com.yksj.healthtalk.ui,0.17543859649122806,0.10526315789473684,0.10526315789473684,0.0003428414701042238,0.00025271670457417233,0.00027005130974885227
lqs.kaisi.ddp,0.00995260663507109,0.0033175355450236967,0.0033175355450236967,0.0005485463521667581,0.00025271670457417233,0.00027005130974885227
air.GirlesEscape,0.034055727554179564,0.011609907120743035,0.00696594427244582,0.0006856829402084476,0.0002948361553365344,0.00022504275812404356
air.com.may.game.Papa_Ice_Cream_Shop,0.04183006535947712,0.0196078431372549,0.0196078431372549,0.0005828304991771805,0.0002105972538118103,0.00022504275812404356
com.Beltheva.Alpaka2,0.058333333333333334,0.019444444444444445,0.016666666666666666,0.0005828304991771805,0.00025271670457417233,0.00022504275812404356
com.androidemu.gbapmblue,0.23519458544839256,0.23519458544839256,0.23181049069373943,0.00020570488206253428,0.00025271670457417233,0.00022504275812404356
com.appris.monsters,0.01480019733596448,0.00740009866798224,0.005426739023186976,0.0006171146461876029,0.0002948361553365344,0.00022504275812404356
com.bog.callofmodernwar,0.05042016806722689,0.02100840336134454,0.02100840336134454,0.0005142622051563357,0.0002105972538118103,0.00022504275812404356
com.com2us.kingdomtactics.normal.freefull.google.global.android.common,0.11546184738955824,0.07730923694779117,0.07530120481927711,0.0010628085573230939,0.00025271670457417233,0.00022504275812404356
com.fungames.animalescape,0.037333333333333336,0.02666666666666667,0.018666666666666668,0.00030855732309380144,0.00025271670457417233,0.00022504275812404356
com.huofar,0.03155339805825243,0.01699029126213592,0.014563106796116505,0.00030855732309380144,0.00025271670457417233,0.00022504275812404356
com.idtinc.tk,0.05283757338551859,0.019569471624266144,0.019569471624266144,0.0005142622051563357,0.0002105972538118103,0.00022504275812404356
com.jsdev.instasize,0.011058451816745656,0.011058451816745656,0.009478672985781991,0.00020570488206253428,0.00025271670457417233,0.00022504275812404356
com.mama100.android.member,0.20134228187919462,0.10067114093959731,0.10067114093959731,0.00027427317608337906,0.0002105972538118103,0.00022504275812404356
com.mobirix.onepunch,0.017195767195767195,0.007936507936507936,0.006613756613756613,0.0003428414701042238,0.00025271670457417233,0.00022504275812404356
com.oxothuk.worldpuzzlefull,0.07963246554364471,0.007656967840735069,0.007656967840735069,0.0008228195282501371,0.0002105972538118103,0.00022504275812404356
com.playdead.limbo.full,0.023148148148148147,0.023148148148148147,0.016203703703703703,0.00020570488206253428,0.00025271670457417233,0.00022504275812404356
com.swiftapps.dogsimulator2015,0.027045769764216365,0.015256588072122053,0.013176144244105409,0.0006513987931980252,0.00025271670457417233,0.00022504275812404356
com.thinkyeah.smartlockfree,0.011597938144329897,0.005154639175257732,0.005154639175257732,0.0003771256171146462,0.0002105972538118103,0.00022504275812404356
eu.dreamup.speedracingultimatefree,0.13145539906103287,0.11267605633802817,0.11032863849765258,0.0004799780581459133,0.00025271670457417233,0.00022504275812404356
air.com.nitrome.Gunbrick,0.03643724696356275,0.020242914979757085,0.016194331983805668,0.00027427317608337906,0.0002105972538118103,0.00018003420649923484
com.GoldenRubyGames.WormRun,0.16756756756756758,0.08108108108108109,0.04864864864864865,0.0006171146461876029,0.00025271670457417233,0.00018003420649923484
com.chillingo.rockrunners.android.rowgplay,0.060790273556231005,0.02127659574468085,0.02127659574468085,0.0004799780581459133,0.00016847780304944825,0.00018003420649923484
com.distdevs.deadrunner,0.022900763358778626,0.015267175572519083,0.015267175572519083,0.00020570488206253428,0.00016847780304944825,0.00018003420649923484
com.dns.umpay,0.015440508628519528,0.0036330608537693005,0.0036330608537693005,0.00041140976412506856,0.00016847780304944825,0.00018003420649923484
com.edwardkim.android.screenshotitfull,0.008361204013377926,0.0033444816053511705,0.002787068004459309,0.00044569391113549094,0.0002105972538118103,0.00018003420649923484
com.escape.ikuseialice,0.021897810218978103,0.009124087591240875,0.0072992700729927005,0.0003428414701042238,0.0002105972538118103,0.00018003420649923484
com.gameloft.android.ANMP.GloftTRHM,0.32747804265997493,0.3186951066499373,0.3124215809284818,0.00044569391113549094,0.0002948361553365344,0.00018003420649923484
com.glutenfreegames.elephantsimulator,0.045584045584045586,0.014245014245014245,0.011396011396011397,0.0003771256171146462,0.0002105972538118103,0.00018003420649923484
com.kookong.app,0.013592233009708738,0.009708737864077669,0.007766990291262136,0.00023998902907295666,0.0002105972538118103,0.00018003420649923484
com.ninetyninegames.dhoomthree,0.12169312169312169,0.06349206349206349,0.042328042328042326,0.00044569391113549094,0.0002105972538118103,0.00018003420649923484
com.northpark.pushups,0.039647577092511016,0.01762114537444934,0.01762114537444934,0.00030855732309380144,0.00016847780304944825,0.00018003420649923484
com.qo.android.am3,0.008171603677221655,0.0040858018386108275,0.0040858018386108275,0.00023998902907295666,0.00016847780304944825,0.00018003420649923484
com.tov.google.MechsVsAliens,0.2640449438202247,0.2303370786516854,0.2303370786516854,0.0003428414701042238,0.00016847780304944825,0.00018003420649923484
com.ttpicture.android,0.004363001745200698,0.0034904013961605585,0.0034904013961605585,0.0001714207350521119,0.00016847780304944825,0.00018003420649923484
com.xformgames.burninrubbercrashnburn,0.11165048543689321,0.024271844660194174,0.012135922330097087,0.0010628085573230939,0.00025271670457417233,0.00018003420649923484
com.xiangyun.xyecdict,0.14705882352941177,0.14171122994652408,0.13636363636363635,0.00020570488206253428,0.0002105972538118103,0.00018003420649923484
com.xllusion.livewallpaper.sakurapro,0.059602649006622516,0.052980132450331126,0.039735099337748346,0.00023998902907295666,0.00025271670457417233,0.00018003420649923484
com.zjj.haimianbaobao,0.003750586029067042,0.001875293014533521,0.001875293014533521,0.00023998902907295666,0.00016847780304944825,0.00018003420649923484
jp.co.ateam.android.lie,0.1636536631779258,0.08087535680304472,0.07706945765937202,0.0016113549094898519,0.00025271670457417233,0.00018003420649923484
org.ssg.android.game.herogame,0.02186878727634195,0.019880715705765408,0.015904572564612324,0.00020570488206253428,0.0002105972538118103,0.00018003420649923484
android.translate.xuedianba,0.008992805755395683,0.00539568345323741,0.00539568345323741,0.0001714207350521119,0.00012635835228708617,0.00013502565487442613
appplus.jun.sniper.googleplay,0.019656019656019656,0.012285012285012284,0.012285012285012284,0.00020570488206253428,0.00012635835228708617,0.00013502565487442613
com.CandyCrash.org,0.3924050632911392,0.007233273056057866,0.007233273056057866,0.0006856829402084476,0.00012635835228708617,0.00013502565487442613
com.EggBones.BlindNinja,0.0453257790368272,0.0169971671388102,0.0113314447592068,0.0003428414701042238,0.00016847780304944825,0.00013502565487442613
com.QQ.angel.webApp,0.024229074889867842,0.019823788546255508,0.01762114537444934,0.0001714207350521119,0.00016847780304944825,0.00013502565487442613
com.aceviral.ag2,0.00967741935483871,0.00967741935483871,0.00967741935483871,0.00010285244103126714,0.00012635835228708617,0.00013502565487442613
com.apusapps.launcher,0.04918032786885246,0.04918032786885246,0.04918032786885246,0.00010285244103126714,0.00012635835228708617,0.00013502565487442613
com.doodlejoy.studio.kidsdoojoy,0.011450381679389313,0.0057251908396946565,0.0057251908396946565,0.0001714207350521119,0.00012635835228708617,0.00013502565487442613
com.fds.infiniteflight,0.009623797025371828,0.005249343832020997,0.004374453193350831,0.00020570488206253428,0.00016847780304944825,0.00013502565487442613
com.gameloft.android.GAND.GloftMIB3,0.043668122270742356,0.017467248908296942,0.013100436681222707,0.00027427317608337906,0.00016847780304944825,0.00013502565487442613
com.ganji.android.jobs,0.58,0.58,0.58,0.00010285244103126714,0.00012635835228708617,0.00013502565487442613
com.glu.ckzombies2,0.0273972602739726,0.0136986301369863,0.010273972602739725,0.00023998902907295666,0.00016847780304944825,0.00013502565487442613
com.huawei.android.dsm.notepad,0.07964601769911504,0.011799410029498525,0.011799410029498525,0.0003771256171146462,0.00012635835228708617,0.00013502565487442613
com.iqinbao.android.songs,0.15714285714285714,0.04285714285714286,0.04285714285714286,0.0003428414701042238,0.00012635835228708617,0.00013502565487442613
com.ironhidegames.android.kingdomrush,0.019650655021834062,0.006550218340611353,0.006550218340611353,0.00030855732309380144,0.00012635835228708617,0.00013502565487442613
com.maoxian.mypet,0.009565217391304347,0.0034782608695652175,0.0034782608695652175,0.00030855732309380144,0.00012635835228708617,0.00013502565487442613
com.monster.pix,0.03,0.03,0.03,0.00010285244103126714,0.00012635835228708617,0.00013502565487442613
com.mxtech.ffmpeg.v6_vfp,0.1038961038961039,0.09090909090909091,0.09090909090909091,0.00013713658804168953,0.00012635835228708617,0.00013502565487442613
com.n0n3m4.droidc,0.028169014084507043,0.028169014084507043,0.028169014084507043,0.00010285244103126714,0.00012635835228708617,0.00013502565487442613
com.omesoft.hypnotherapist,0.01890359168241966,0.005671077504725898,0.005671077504725898,0.00027427317608337906,0.00012635835228708617,0.00013502565487442613
com.outplayentertainment.aliencreeps,0.013779527559055118,0.007874015748031496,0.005905511811023622,0.0001714207350521119,0.00016847780304944825,0.00013502565487442613
com.sitrusy.minecraftWiki,0.08256880733944955,0.06422018348623854,0.045871559633027525,0.00020570488206253428,0.00016847780304944825,0.00013502565487442613
com.tencent.Q108,0.02564102564102564,0.021367521367521368,0.017094017094017096,0.0001714207350521119,0.00016847780304944825,0.00013502565487442613
com.tinypiece.android.mlc,0.053691275167785234,0.053691275167785234,0.04697986577181208,0.00013713658804168953,0.00016847780304944825,0.00013502565487442613
com.uppercut_games.snowjinks,0.08436724565756824,0.03225806451612903,0.022332506203473945,0.0006513987931980252,0.00016847780304944825,0.00013502565487442613
kalloc.android.Top2Lite,0.10526315789473684,0.10526315789473684,0.10526315789473684,0.00010285244103126714,0.00012635835228708617,0.00013502565487442613
my.PCamera,0.03637350705754615,0.003800217155266015,0.002171552660152009,0.0009942402633022491,0.00016847780304944825,0.00013502565487442613
sr.daiv.alls.ja,0.01951219512195122,0.014634146341463415,0.014634146341463415,0.00013713658804168953,0.00012635835228708617,0.00013502565487442613
air.com.elextech.happyfarm,0.012574850299401197,0.004790419161676647,0.0017964071856287425,0.0003771256171146462,0.00016847780304944825,9.001710324961742e-05
cgj.cocos2dxgame.ppl,0.56,0.16,0.16,0.00041140976412506856,8.423890152472412e-05,9.001710324961742e-05
com.KelliNoda.Battleheart,0.049475262368815595,0.004497751124437781,0.0029985007496251873,0.0008228195282501371,0.00012635835228708617,9.001710324961742e-05
com.PsionicGames.Ghostscape3Dhh,0.009505703422053232,0.0038022813688212928,0.0038022813688212928,0.0001714207350521119,8.423890152472412e-05,9.001710324961742e-05
com.TrinketStudios.ColorSheep,0.015151515151515152,0.010101010101010102,0.010101010101010102,0.00010285244103126714,8.423890152472412e-05,9.001710324961742e-05
com.animoca.google.starGirlitalia,0.21291989664082686,0.023772609819121448,0.0010335917312661498,0.00575973669775096,0.000758150113722517,9.001710324961742e-05
com.appcup.bubble,0.08,0.08,0.08,6.856829402084476e-05,8.423890152472412e-05,9.001710324961742e-05
com.asg.etgt,0.05771643663739021,0.002509410288582183,0.002509410288582183,0.0008228195282501371,8.423890152472412e-05,9.001710324961742e-05
com.bog.worldofbattleship,0.04809619238476954,0.004008016032064128,0.004008016032064128,0.0006171146461876029,8.423890152472412e-05,9.001710324961742e-05
com.cat.star,0.29577464788732394,0.28169014084507044,0.28169014084507044,0.00010285244103126714,8.423890152472412e-05,9.001710324961742e-05
com.chenai.eyes,0.0027247956403269754,0.0027247956403269754,0.0027247956403269754,6.856829402084476e-05,8.423890152472412e-05,9.001710324961742e-05
com.clapfootgames.vtt3d,0.013157894736842105,0.013157894736842105,0.013157894736842105,6.856829402084476e-05,8.423890152472412e-05,9.001710324961742e-05
com.escape.ghosthospital,0.14556040756914118,0.004366812227074236,0.004366812227074236,0.0014056500274273176,8.423890152472412e-05,9.001710324961742e-05
com.farm3.free,0.015486725663716814,0.004424778761061947,0.004424778761061947,0.00020570488206253428,8.423890152472412e-05,9.001710324961742e-05
com.fluik.Explosions,0.031496062992125984,0.015748031496062992,0.015748031496062992,0.00013713658804168953,8.423890152472412e-05,9.001710324961742e-05
com.foxit.mobile.pdf.lite,0.005333333333333333,0.005333333333333333,0.005333333333333333,6.856829402084476e-05,8.423890152472412e-05,9.001710324961742e-05
com.freedomrecyle.scary,0.01050420168067227,0.0063025210084033615,0.004201680672268907,0.0001714207350521119,0.00012635835228708617,9.001710324961742e-05
com.gameloft.android.GAND.GloftMCHP,0.02359882005899705,0.008849557522123894,0.0058997050147492625,0.00023998902907295666,0.00012635835228708617,9.001710324961742e-05
com.gilpstudio.miniinimo,0.03870967741935484,0.0064516129032258064,0.0064516129032258064,0.0003428414701042238,8.423890152472412e-05,9.001710324961742e-05
com.glutenfreegames.tigersimulator,0.011194029850746268,0.007462686567164179,0.007462686567164179,0.00010285244103126714,8.423890152472412e-05,9.001710324961742e-05
com.gramgames.tenten,0.024844720496894408,0.012422360248447204,0.012422360248447204,0.00013713658804168953,8.423890152472412e-05,9.001710324961742e-05
com.hg.gunsandglory4free,0.20387096774193547,0.11870967741935484,0.11612903225806452,0.001714207350521119,0.00012635835228708617,9.001710324961742e-05
com.ireadercity.m2,0.08235294117647059,0.047058823529411764,0.03529411764705882,0.00020570488206253428,0.00012635835228708617,9.001710324961742e-05
com.joymasterrocks.SwordRequiem,0.007202881152460984,0.0024009603841536613,0.0024009603841536613,0.0001714207350521119,8.423890152472412e-05,9.001710324961742e-05
com.king.petrescuesaga,0.02040816326530612,0.015306122448979591,0.015306122448979591,0.00010285244103126714,8.423890152472412e-05,9.001710324961742e-05
com.lonelyfew.blendoku,0.02702702702702703,0.02702702702702703,0.02702702702702703,6.856829402084476e-05,8.423890152472412e-05,9.001710324961742e-05
com.mduckstudio.dailywords,0.011789924973204717,0.00857449088960343,0.0021436227224008574,0.00020570488206253428,0.00016847780304944825,9.001710324961742e-05
com.me.games.trinitycrest1,0.07894736842105263,0.01674641148325359,0.011961722488038277,0.00071996708721887,0.00012635835228708617,9.001710324961742e-05
com.mfw.voiceguide.korea,0.019817073170731708,0.009146341463414634,0.004573170731707317,0.00030855732309380144,0.00016847780304944825,9.001710324961742e-05
com.naquatic.monstercrafter,0.005917159763313609,0.0029585798816568047,0.0029585798816568047,0.00013713658804168953,8.423890152472412e-05,9.001710324961742e-05
com.nbbank,0.1111111111111111,0.1111111111111111,0.1111111111111111,6.856829402084476e-05,8.423890152472412e-05,9.001710324961742e-05
com.obv.google.battleOrb,0.029411764705882353,0.00980392156862745,0.00980392156862745,0.00013713658804168953,8.423890152472412e-05,9.001710324961742e-05
com.ourlinc,0.00234192037470726,0.00234192037470726,0.001756440281030445,0.00010285244103126714,0.00012635835228708617,9.001710324961742e-05
com.photofunia.android,0.10526315789473684,0.10526315789473684,0.10526315789473684,6.856829402084476e-05,8.423890152472412e-05,9.001710324961742e-05
com.pikpok.turbo,0.022332506203473945,0.004962779156327543,0.004962779156327543,0.00023998902907295666,8.423890152472412e-05,9.001710324961742e-05
com.redrobot.tanks,0.13625,0.0025,0.0025,0.00215990126165661,8.423890152472412e-05,9.001710324961742e-05
com.shinybox.smash,0.0392156862745098,0.00980392156862745,0.00980392156862745,0.00013713658804168953,8.423890152472412e-05,9.001710324961742e-05
com.shmetro,0.6101694915254238,0.5423728813559322,0.4915254237288136,0.00013713658804168953,0.00012635835228708617,9.001710324961742e-05
com.socialnmobile.dictapps.notepad.color.note,0.0037313432835820895,0.0037313432835820895,0.0037313432835820895,6.856829402084476e-05,8.423890152472412e-05,9.001710324961742e-05
com.sohomob.battlefindthedifference,0.0057306590257879654,0.0057306590257879654,0.0057306590257879654,6.856829402084476e-05,8.423890152472412e-05,9.001710324961742e-05
com.sscwap,0.02320185614849188,0.004640371229698376,0.004640371229698376,0.0001714207350521119,8.423890152472412e-05,9.001710324961742e-05
com.swiftapps.catsimulator2015pro,0.007575757575757576,0.0021645021645021645,0.0021645021645021645,0.00020570488206253428,8.423890152472412e-05,9.001710324961742e-05
com.to8to.tuku,0.5272727272727272,0.5272727272727272,0.5272727272727272,6.856829402084476e-05,8.423890152472412e-05,9.001710324961742e-05
com.wego.revolt2_global,0.013719512195121951,0.004573170731707317,0.004573170731707317,0.00020570488206253428,8.423890152472412e-05,9.001710324961742e-05
com.wordsmobile.musichero,0.012539184952978056,0.009404388714733543,0.006269592476489028,0.00013713658804168953,0.00012635835228708617,9.001710324961742e-05
com.xjjk.credit,0.18181818181818182,0.18181818181818182,0.18181818181818182,6.856829402084476e-05,8.423890152472412e-05,9.001710324961742e-05
com.xs.armysniper,0.011811023622047244,0.011811023622047244,0.007874015748031496,0.00010285244103126714,0.00012635835228708617,9.001710324961742e-05
com.yaku.RedBaron,0.0273972602739726,0.0136986301369863,0.0136986301369863,0.00013713658804168953,8.423890152472412e-05,9.001710324961742e-05
com.yfx365.ringtoneclip,0.028455284552845527,0.008130081300813009,0.008130081300813009,0.00010285244103126714,8.423890152472412e-05,9.001710324961742e-05
com.yodesoft.android.game.yopuzzleKidsJigsaw,0.009845288326300985,0.0028129395218002813,0.0028129395218002813,0.00023998902907295666,8.423890152472412e-05,9.001710324961742e-05
dje073.android.audiorecorder,0.016891891891891893,0.006756756756756757,0.006756756756756757,0.0001714207350521119,8.423890152472412e-05,9.001710324961742e-05
hotcard.doc.reader,0.023121387283236993,0.011560693641618497,0.011560693641618497,0.00013713658804168953,8.423890152472412e-05,9.001710324961742e-05
jp.mariko.escape.game,0.056074766355140186,0.028037383177570093,0.018691588785046728,0.00023998902907295666,0.00016847780304944825,9.001710324961742e-05
mobi.omegacentauri.SpeakerBoost,0.020942408376963352,0.015706806282722512,0.010471204188481676,0.00013713658804168953,0.00012635835228708617,9.001710324961742e-05
moxygames.android.mr,0.04878048780487805,0.04878048780487805,0.04878048780487805,6.856829402084476e-05,8.423890152472412e-05,9.001710324961742e-05
name.kunes.android.launcher.activity,0.12,0.12,0.08,0.00010285244103126714,0.00012635835228708617,9.001710324961742e-05
net.zhuoweizhang.mcpelauncher,0.022508038585209004,0.00964630225080386,0.006430868167202572,0.00023998902907295666,0.00012635835228708617,9.001710324961742e-05
org.dayup.gnotes,0.006666666666666667,0.0033333333333333335,0.0033333333333333335,0.00013713658804168953,8.423890152472412e-05,9.001710324961742e-05
rubberbigpepper.lgCameraPro,0.06896551724137931,0.05172413793103448,0.034482758620689655,0.00013713658804168953,0.00012635835228708617,9.001710324961742e-05
ExtremeDevelopers.CarArmageddon2012.lite,0.04854368932038835,0.009708737864077669,0.009708737864077669,0.0001714207350521119,4.211945076236206e-05,4.500855162480871e-05
air.com.mgamey.twinprincessmakeover,0.034482758620689655,0.034482758620689655,0.034482758620689655,3.428414701042238e-05,4.211945076236206e-05,4.500855162480871e-05
air.com.oranginalplan.weaphonesantiques,0.05970149253731343,0.014925373134328358,0.014925373134328358,0.00020570488206253428,4.211945076236206e-05,4.500855162480871e-05
air.com.pinpinteam.pyrojump,0.0069124423963133645,0.001152073732718894,0.001152073732718894,0.00020570488206253428,4.211945076236206e-05,4.500855162480871e-05
biggiant.prisonescape,0.01532567049808429,0.002554278416347382,0.001277139208173691,0.00030855732309380144,8.423890152472412e-05,4.500855162480871e-05
br.com.tapps.balloonparty,0.08333333333333333,0.08333333333333333,0.041666666666666664,6.856829402084476e-05,8.423890152472412e-05,4.500855162480871e-05
br.com.tapps.tappyrun2,0.17333333333333334,0.013333333333333334,0.013333333333333334,0.00030855732309380144,4.211945076236206e-05,4.500855162480871e-05
cn.com.guanying,0.008264462809917356,0.008264462809917356,0.008264462809917356,3.428414701042238e-05,4.211945076236206e-05,4.500855162480871e-05
cn.leaves.sdclean,0.007407407407407408,0.007407407407407408,0.007407407407407408,3.428414701042238e-05,4.211945076236206e-05,4.500855162480871e-05
cn.maketion.activity,0.16923076923076924,0.08461538461538462,0.08461538461538462,6.856829402084476e-05,4.211945076236206e-05,4.500855162480871e-05
cn.menue.barcodescanner,0.05263157894736842,0.05263157894736842,0.05263157894736842,3.428414701042238e-05,4.211945076236206e-05,4.500855162480871e-05
com.Astro.UI,0.013953488372093023,0.004651162790697674,0.004651162790697674,0.00010285244103126714,4.211945076236206e-05,4.500855162480871e-05
com.GigaBitGames.Ultra4OffroadRacing,0.0064516129032258064,0.0064516129032258064,0.0064516129032258064,3.428414701042238e-05,4.211945076236206e-05,4.500855162480871e-05
com.NelsonStudios.Kids,0.017391304347826087,0.017391304347826087,0.008695652173913044,6.856829402084476e-05,8.423890152472412e-05,4.500855162480871e-05
com.RobotUnicornAttack,0.004545454545454545,0.004545454545454545,0.004545454545454545,3.428414701042238e-05,4.211945076236206e-05,4.500855162480871e-05
com.TaxiDrift.BunboGames,0.011235955056179775,0.011235955056179775,0.011235955056179775,3.428414701042238e-05,4.211945076236206e-05,4.500855162480871e-05
com.adamrocker.android.input.simeji,0.008403361344537815,0.0028011204481792717,0.0028011204481792717,0.00010285244103126714,4.211945076236206e-05,4.500855162480871e-05
com.aemobile.games.coinmania,0.011299435028248588,0.005649717514124294,0.005649717514124294,6.856829402084476e-05,4.211945076236206e-05,4.500855162480871e-05
com.androidemu.neszsetstd1,0.002242152466367713,0.002242152466367713,0.002242152466367713,3.428414701042238e-05,4.211945076236206e-05,4.500855162480871e-05
com.beepstreet.speedx,0.0234375,0.0078125,0.0078125,0.00010285244103126714,4.211945076236206e-05,4.500855162480871e-05
com.bestgame.bike,0.04819277108433735,0.03614457831325301,0.012048192771084338,0.00010285244103126714,8.423890152472412e-05,4.500855162480871e-05
com.bfs.papertoss,0.041666666666666664,0.041666666666666664,0.041666666666666664,3.428414701042238e-05,4.211945076236206e-05,4.500855162480871e-05
com.category5games.warmongers,0.07142857142857142,0.006493506493506494,0.006493506493506494,0.00030855732309380144,4.211945076236206e-05,4.500855162480871e-05
com.chillingo.drawrace2gplay.android.aja,0.041666666666666664,0.013888888888888888,0.013888888888888888,0.00010285244103126714,4.211945076236206e-05,4.500855162480871e-05
com.cmcc.iot.barcode,0.07692307692307693,0.07692307692307693,0.07692307692307693,3.428414701042238e-05,4.211945076236206e-05,4.500855162480871e-05
com.com2us.puzzlefamily.up.freefull.google.global.android.common,0.015555555555555555,0.0022222222222222222,0.0022222222222222222,0.0001714207350521119,4.211945076236206e-05,4.500855162480871e-05
com.crossfield.forestlife,0.008565310492505354,0.004282655246252677,0.0021413276231263384,0.00013713658804168953,8.423890152472412e-05,4.500855162480871e-05
com.dianxinos.app.theme.dx_theme.iphone5,0.0273972602739726,0.00684931506849315,0.003424657534246575,0.00020570488206253428,8.423890152472412e-05,4.500855162480871e-05
com.dotoyou.android.KOI.java,0.05555555555555555,0.05555555555555555,0.05555555555555555,3.428414701042238e-05,4.211945076236206e-05,4.500855162480871e-05
com.doujiao.coupon.activity,0.05263157894736842,0.05263157894736842,0.05263157894736842,3.428414701042238e-05,4.211945076236206e-05,4.500855162480871e-05
com.droidhen.shootapple,0.008928571428571428,0.008928571428571428,0.008928571428571428,3.428414701042238e-05,4.211945076236206e-05,4.500855162480871e-05
com.droidpower.phisics.dino,0.014084507042253521,0.014084507042253521,0.014084507042253521,3.428414701042238e-05,4.211945076236206e-05,4.500855162480871e-05
com.duomi.duomiFM,0.125,0.125,0.041666666666666664,0.00010285244103126714,0.00012635835228708617,4.500855162480871e-05
com.e3.Touch2Dance,0.01694915254237288,0.00847457627118644,0.00847457627118644,6.856829402084476e-05,4.211945076236206e-05,4.500855162480871e-05
com.ea.worms_full_azn,0.006578947368421052,0.003289473684210526,0.003289473684210526,6.856829402084476e-05,4.211945076236206e-05,4.500855162480871e-05
com.ericsson.magictool,0.3409090909090909,0.3409090909090909,0.3409090909090909,3.428414701042238e-05,4.211945076236206e-05,4.500855162480871e-05
com.fgol.grabatron,0.005291005291005291,0.005291005291005291,0.005291005291005291,3.428414701042238e-05,4.211945076236206e-05,4.500855162480871e-05
com.firebear.androil,0.012658227848101266,0.012658227848101266,0.012658227848101266,3.428414701042238e-05,4.211945076236206e-05,4.500855162480871e-05
com.flavionet.android.camera.pro,0.039473684210526314,0.003289473684210526,0.003289473684210526,0.00027427317608337906,4.211945076236206e-05,4.500855162480871e-05
com.fmbd,0.6111111111111112,0.6111111111111112,0.5,6.856829402084476e-05,8.423890152472412e-05,4.500855162480871e-05
com.game.JewelsStar3,0.023809523809523808,0.023809523809523808,0.023809523809523808,3.428414701042238e-05,4.211945076236206e-05,4.500855162480871e-05
com.game.basketballshoot,0.022222222222222223,0.022222222222222223,0.022222222222222223,3.428414701042238e-05,4.211945076236206e-05,4.500855162480871e-05
com.gamelion.DrawSlasher,0.030395136778115502,0.00911854103343465,0.00303951367781155,0.00030855732309380144,0.00012635835228708617,4.500855162480871e-05
com.gau.go.launcherex.theme.end,0.012987012987012988,0.012987012987012988,0.012987012987012988,3.428414701042238e-05,4.211945076236206e-05,4.500855162480871e-05
com.geekbeach.battlemonkeys,0.016666666666666666,0.016666666666666666,0.016666666666666666,3.428414701042238e-05,4.211945076236206e-05,4.500855162480871e-05
com.glu.zamf1,0.06916912695065373,0.0012652889076339097,0.0012652889076339097,0.0022627537026878772,4.211945076236206e-05,4.500855162480871e-05
com.glutenfreegames.polarbearsimulator,0.021956087824351298,0.005988023952095809,0.003992015968063872,0.00023998902907295666,8.423890152472412e-05,4.500855162480871e-05
com.google.android.apps.chrometophone,0.1111111111111111,0.1111111111111111,0.1111111111111111,3.428414701042238e-05,4.211945076236206e-05,4.500855162480871e-05
com.hamon.mermaid,0.007874015748031496,0.005905511811023622,0.003937007874015748,0.00010285244103126714,8.423890152472412e-05,4.500855162480871e-05
com.hans.recognizer,0.03333333333333333,0.03333333333333333,0.03333333333333333,3.428414701042238e-05,4.211945076236206e-05,4.500855162480871e-05
com.infraware.polarisoffice4,0.005555555555555556,0.005555555555555556,0.005555555555555556,3.428414701042238e-05,4.211945076236206e-05,4.500855162480871e-05
com.jb.gosms.emoji,0.05555555555555555,0.05555555555555555,0.05555555555555555,3.428414701042238e-05,4.211945076236206e-05,4.500855162480871e-05
com.jecelyin.editor,0.017543859649122806,0.017543859649122806,0.017543859649122806,3.428414701042238e-05,4.211945076236206e-05,4.500855162480871e-05
com.jinbu.application,0.04938271604938271,0.024691358024691357,0.024691358024691357,6.856829402084476e-05,4.211945076236206e-05,4.500855162480871e-05
com.kenny.KFileManager,0.015228426395939087,0.012690355329949238,0.0025380710659898475,0.00013713658804168953,0.00012635835228708617,4.500855162480871e-05
com.king.farmheroessaga,0.020689655172413793,0.006896551724137931,0.006896551724137931,0.00010285244103126714,4.211945076236206e-05,4.500855162480871e-05
com.kylinworks.oneb2f,0.005714285714285714,0.005714285714285714,0.005714285714285714,3.428414701042238e-05,4.211945076236206e-05,4.500855162480871e-05
com.lagernetwork.zombierockerlite,0.022058823529411766,0.014705882352941176,0.007352941176470588,0.00013713658804168953,8.423890152472412e-05,4.500855162480871e-05
com.mediocre.smashhit,0.011869436201780416,0.005934718100890208,0.002967359050445104,0.00013713658804168953,8.423890152472412e-05,4.500855162480871e-05
com.michael.think,0.0033149171270718232,0.0011049723756906078,0.0011049723756906078,0.00010285244103126714,4.211945076236206e-05,4.500855162480871e-05
com.microsoft.skydrive,0.00641025641025641,0.00641025641025641,0.00641025641025641,3.428414701042238e-05,4.211945076236206e-05,4.500855162480871e-05
com.mobisystems.office,0.01,0.01,0.01,3.428414701042238e-05,4.211945076236206e-05,4.500855162480871e-05
com.moonbasa,0.5833333333333334,0.5833333333333334,0.5,6.856829402084476e-05,8.423890152472412e-05,4.500855162480871e-05
com.mxtech.ffmpeg.v5te,0.02127659574468085,0.02127659574468085,0.02127659574468085,3.428414701042238e-05,4.211945076236206e-05,4.500855162480871e-05
com.mxtech.ffmpeg.v7_vfpv3d16,0.018518518518518517,0.018518518518518517,0.018518518518518517,3.428414701042238e-05,4.211945076236206e-05,4.500855162480871e-05
com.mygdx.digtochina.android,0.011560693641618497,0.011560693641618497,0.005780346820809248,6.856829402084476e-05,8.423890152472412e-05,4.500855162480871e-05
com.nbblabs.toys.singsong,0.019230769230769232,0.019230769230769232,0.019230769230769232,3.428414701042238e-05,4.211945076236206e-05,4.500855162480871e-05
com.noctuasoftware.stellarium,0.007936507936507936,0.007936507936507936,0.007936507936507936,3.428414701042238e-05,4.211945076236206e-05,4.500855162480871e-05
com.osmanelbeyi.cardriver2,0.11864406779661017,0.0423728813559322,0.03389830508474576,0.0001714207350521119,8.423890152472412e-05,4.500855162480871e-05
com.quark.browser,0.003703703703703704,0.003703703703703704,0.003703703703703704,3.428414701042238e-05,4.211945076236206e-05,4.500855162480871e-05
com.rexetstudio.blockstrike,0.0038240917782026767,0.0019120458891013384,0.0019120458891013384,6.856829402084476e-05,4.211945076236206e-05,4.500855162480871e-05
com.rmApp.dc2,0.14285714285714285,0.14285714285714285,0.14285714285714285,3.428414701042238e-05,4.211945076236206e-05,4.500855162480871e-05
com.robotinvader.knightmare,0.016722408026755852,0.0033444816053511705,0.0033444816053511705,0.00013713658804168953,4.211945076236206e-05,4.500855162480871e-05
com.rubicon.dev.glwg2,0.015625,0.015625,0.005208333333333333,6.856829402084476e-05,8.423890152472412e-05,4.500855162480871e-05
com.san.screenshot,0.37777777777777777,0.35555555555555557,0.35555555555555557,6.856829402084476e-05,4.211945076236206e-05,4.500855162480871e-05
com.sec.enterprise.knox.express,0.1,0.1,0.05,6.856829402084476e-05,8.423890152472412e-05,4.500855162480871e-05
com.sleepercell.tunnel,0.03278688524590164,0.00546448087431694,0.00546448087431694,0.00020570488206253428,4.211945076236206e-05,4.500855162480871e-05
com.snda.input,0.02631578947368421,0.02631578947368421,0.02631578947368421,3.428414701042238e-05,4.211945076236206e-05,4.500855162480871e-05
com.sniper.activity,0.015151515151515152,0.015151515151515152,0.015151515151515152,3.428414701042238e-05,4.211945076236206e-05,4.500855162480871e-05
com.spawnstudios.CrazyBikers2,0.0196078431372549,0.0196078431372549,0.0196078431372549,3.428414701042238e-05,4.211945076236206e-05,4.500855162480871e-05
com.tencent.qqcalendar,0.027777777777777776,0.013888888888888888,0.013888888888888888,6.856829402084476e-05,4.211945076236206e-05,4.500855162480871e-05
com.tencent.tmgp.sgzr,0.0043859649122807015,0.0043859649122807015,0.0043859649122807015,3.428414701042238e-05,4.211945076236206e-05,4.500855162480871e-05
com.triadgene.fleetcombat_gp,0.06091370558375635,0.00338409475465313,0.001692047377326565,0.0008228195282501371,8.423890152472412e-05,4.500855162480871e-05
com.ucamera.ugallery,0.024390243902439025,0.024390243902439025,0.024390243902439025,3.428414701042238e-05,4.211945076236206e-05,4.500855162480871e-05
com.vg.AirplaneFlightSimulatoo,0.020100502512562814,0.01507537688442211,0.010050251256281407,0.00010285244103126714,8.423890152472412e-05,4.500855162480871e-05
com.viash.voice_assistant,0.003115264797507788,0.003115264797507788,0.003115264797507788,3.428414701042238e-05,4.211945076236206e-05,4.500855162480871e-05
com.vividgames.skijumping2012,0.027777777777777776,0.013888888888888888,0.013888888888888888,6.856829402084476e-05,4.211945076236206e-05,4.500855162480871e-05
com.wisedu.pinyin.activity,0.05,0.05,0.05,3.428414701042238e-05,4.211945076236206e-05,4.500855162480871e-05
com.wiseman.writing,0.02197802197802198,0.01098901098901099,0.005494505494505495,0.00013713658804168953,8.423890152472412e-05,4.500855162480871e-05
com.wowenwen.yy,0.01652892561983471,0.008264462809917356,0.008264462809917356,6.856829402084476e-05,4.211945076236206e-05,4.500855162480871e-05
com.youba.wallpaper,0.07692307692307693,0.008547008547008548,0.008547008547008548,0.00010285244103126714,4.211945076236206e-05,4.500855162480871e-05
com.zongheng.reader,0.022727272727272728,0.011363636363636364,0.011363636363636364,6.856829402084476e-05,4.211945076236206e-05,4.500855162480871e-05
de.mobilebits.soulcraftse,0.005319148936170213,0.0026595744680851063,0.0026595744680851063,6.856829402084476e-05,4.211945076236206e-05,4.500855162480871e-05
edu.qust.weather,0.005434782608695652,0.005434782608695652,0.005434782608695652,3.428414701042238e-05,4.211945076236206e-05,4.500855162480871e-05
gts.escape2012.full.en.all.google,0.009009009009009009,0.009009009009009009,0.009009009009009009,3.428414701042238e-05,4.211945076236206e-05,4.500855162480871e-05
gz.aas.calc8words,0.015151515151515152,0.015151515151515152,0.015151515151515152,3.428414701042238e-05,4.211945076236206e-05,4.500855162480871e-05
jp.co.infocom.android.lopicca,0.5833333333333334,0.5,0.5,6.856829402084476e-05,4.211945076236206e-05,4.500855162480871e-05
jp.naver.SJLINEPANG,0.015,0.005,0.005,0.00010285244103126714,4.211945076236206e-05,4.500855162480871e-05
jp.shade.DGunsSP,0.028225806451612902,0.010080645161290322,0.0020161290322580645,0.0003428414701042238,0.00012635835228708617,4.500855162480871e-05
livio.pack.lang.en_US,0.0125,0.0125,0.0125,3.428414701042238e-05,4.211945076236206e-05,4.500855162480871e-05
net.icycloud.fdtodolist,0.012903225806451613,0.0012903225806451613,0.0012903225806451613,0.00023998902907295666,4.211945076236206e-05,4.500855162480871e-05
net.ipromgames.android_englishteaparty,0.00819672131147541,0.00819672131147541,0.00819672131147541,3.428414701042238e-05,4.211945076236206e-05,4.500855162480871e-05
obg1.PhotafPro,0.009478672985781991,0.002369668246445498,0.002369668246445498,0.00013713658804168953,4.211945076236206e-05,4.500855162480871e-05
org.madgame.ccy,0.11256038647342995,0.0004830917874396135,0.0004830917874396135,0.0034969829950630828,4.211945076236206e-05,4.500855162480871e-05
pl.macaque.bunny,0.023923444976076555,0.004784688995215311,0.004784688995215311,0.0001714207350521119,4.211945076236206e-05,4.500855162480871e-05
rsupport.AndroidViewer.cn,0.013157894736842105,0.013157894736842105,0.013157894736842105,3.428414701042238e-05,4.211945076236206e-05,4.500855162480871e-05
slide.flowFrenzy,0.03636363636363636,0.00909090909090909,0.00909090909090909,0.00010285244103126714,4.211945076236206e-05,4.500855162480871e-05
tw.app.nekocafe,0.004597701149425287,0.0022988505747126436,0.0022988505747126436,6.856829402084476e-05,4.211945076236206e-05,4.500855162480871e-05
za.co.flintsky.rhinoraid,0.009708737864077669,0.0048543689320388345,0.0048543689320388345,6.856829402084476e-05,4.211945076236206e-05,4.500855162480871e-05
Mag3DLite.SF3D,0.0,0.0,0.0,0.0,0.0,0.0
actpiano.liuxqsmile.android,0.0,0.0,0.0,0.0,0.0,0.0
adeliina.net.missionpossible,0.0,0.0,0.0,0.0,0.0,0.0
air.Princessweddingroom2,0.0,0.0,0.0,0.0,0.0,0.0
air.SpeedyWinner.PickUpSticks,0.0,0.0,0.0,0.0,0.0,0.0
air.com.gplus.badminton,0.03571428571428571,0.0,0.0,3.428414701042238e-05,0.0,0.0
air.com.lv1.hunter,0.00437636761487965,0.0,0.0,6.856829402084476e-05,0.0,0.0
air.com.tencent.qqpasture,0.0,0.0,0.0,0.0,0.0,0.0
air.com.yeshj.hjwushiyin,0.0,0.0,0.0,0.0,0.0,0.0
air.fatho.ilearnpth,0.0,0.0,0.0,0.0,0.0,0.0
az.studio.gkztc,0.0,0.0,0.0,0.0,0.0,0.0
br.com.tapps.chickaboom,0.13559322033898305,0.0,0.0,0.0001714207350521119,0.0,0.0
chengqiang.celever2005.English8900,0.0,0.0,0.0,0.0,0.0,0.0
cn.chinabus.metro.main,0.0,0.0,0.0,0.0,0.0,0.0
cn.com.pcdriver.android.browser,0.0,0.0,0.0,0.0,0.0,0.0
cn.com.wali.walisms,0.0,0.0,0.0,0.0,0.0,0.0
cn.coolyou.liveplus,0.0,0.0,0.0,0.0,0.0,0.0
cn.dxy.idxyer,0.010443864229765013,0.0,0.0,6.856829402084476e-05,0.0,0.0
cn.poco.wblog,0.0,0.0,0.0,0.0,0.0,0.0
cn.weizhang.android,0.0,0.0,0.0,0.0,0.0,0.0
cn.xxt.nm.app,0.0,0.0,0.0,0.0,0.0,0.0
cn.ylt100.pony,0.0,0.0,0.0,0.0,0.0,0.0
co.kr.neowiz.tapsonic,0.0,0.0,0.0,0.0,0.0,0.0
com.AlwaysInteresting.Digital,0.0,0.0,0.0,0.0,0.0,0.0
com.Beltheva.Wunyo,0.02702702702702703,0.0,0.0,6.856829402084476e-05,0.0,0.0
com.Echoshard.Minons,0.0,0.0,0.0,0.0,0.0,0.0
com.EvilChaotic.ModernWarplanes,0.0,0.0,0.0,0.0,0.0,0.0
com.IQBS.android.appInstaller,0.0,0.0,0.0,0.0,0.0,0.0
com.OMG.XRacerFee,0.0,0.0,0.0,0.0,0.0,0.0
com.Polyculture.Prune,0.0,0.0,0.0,0.0,0.0,0.0
com.RockyHong.BeatStomperAndroid,0.0,0.0,0.0,0.0,0.0,0.0
com.TdxPad,0.0,0.0,0.0,0.0,0.0,0.0
com.UpSideDownDeer.RunMyDeer,0.09390444810543658,0.004942339373970346,0.0,0.0007885353812397147,4.211945076236206e-05,0.0
com.accuweather.android,0.0,0.0,0.0,0.0,0.0,0.0
com.acer.c5video,0.0,0.0,0.0,0.0,0.0,0.0
com.adhdstudios.cuteplanet,0.0,0.0,0.0,0.0,0.0,0.0
com.adn37.omegleclientlite,0.04,0.0,0.0,3.428414701042238e-05,0.0,0.0
com.advasoft.touchretouch,0.05,0.0,0.0,6.856829402084476e-05,0.0,0.0
com.alemocni.cml,0.0,0.0,0.0,0.0,0.0,0.0
com.android.game.huolongleifeng,0.022222222222222223,0.0,0.0,3.428414701042238e-05,0.0,0.0
com.android.studyenglish_chuzhong,0.0,0.0,0.0,0.0,0.0,0.0
com.android2.calculator3,0.0,0.0,0.0,0.0,0.0,0.0
com.anguanjia.safe.battery,0.0,0.0,0.0,0.0,0.0,0.0
com.anjuke.android.newbroker,0.0,0.0,0.0,0.0,0.0,0.0
com.antutu.ABenchMark.GL2,0.0,0.0,0.0,0.0,0.0,0.0
com.antutu.CpuMasterFree,0.0,0.0,0.0,0.0,0.0,0.0
com.antutu.phoneprofilefree,0.0,0.0,0.0,0.0,0.0,0.0
com.apofiss.yangthecat,0.009389671361502348,0.0,0.0,0.00010285244103126714,0.0,0.0
com.appon.defendthebunker,0.009615384615384616,0.0,0.0,3.428414701042238e-05,0.0,0.0
com.appsdev.flashlight.adfree,0.0,0.0,0.0,0.0,0.0,0.0
com.appshare.android.ibook,0.0,0.0,0.0,0.0,0.0,0.0
com.appshare.android.ilisten.hd,0.0,0.0,0.0,0.0,0.0,0.0
com.appshare.android.istory,0.0,0.0,0.0,0.0,0.0,0.0
com.arbstudios.tikikartfree,0.0,0.0,0.0,0.0,0.0,0.0
com.army.apps.sifangcai,0.0,0.0,0.0,0.0,0.0,0.0
com.artelplus.howtodraw,0.0,0.0,0.0,0.0,0.0,0.0
com.artfactory.vsmode,0.012376237623762377,0.0,0.0,0.00013713658804168953,0.0,0.0
com.asrazpaid,0.0,0.0,0.0,0.0,0.0,0.0
com.azhibo.zhibo,0.0,0.0,0.0,0.0,0.0,0.0
com.babytree.apps.parenting,0.0,0.0,0.0,0.0,0.0,0.0
com.baidu.baidufm,0.0,0.0,0.0,0.0,0.0,0.0
com.baidu.hi,0.0,0.0,0.0,0.0,0.0,0.0
com.baileyz.aquarium,0.05343511450381679,0.0,0.0,6.856829402084476e-05,0.0,0.0
com.balloonisland.stargems,0.0,0.0,0.0,0.0,0.0,0.0
com.bbb.btrfull,0.047619047619047616,0.0,0.0,6.856829402084476e-05,0.0,0.0
com.beka.tools.mp3cutter,0.0,0.0,0.0,0.0,0.0,0.0
com.bengigi.noogranuts,0.0,0.0,0.0,0.0,0.0,0.0
com.bitoon.BasketDudes3PointShotContest,0.0,0.0,0.0,0.0,0.0,0.0
com.bravolang.english,0.0,0.0,0.0,0.0,0.0,0.0
com.bravolang.korean,0.0,0.0,0.0,0.0,0.0,0.0
com.buzzpia.aqua.appwidget.clock,0.0,0.0,0.0,0.0,0.0,0.0
com.captive.DareDevilDevlin,0.03546099290780142,0.0,0.0,0.0001714207350521119,0.0,0.0
com.carlos.yunfuyunqibibei,0.0,0.0,0.0,0.0,0.0,0.0
com.cat.hungrycat,0.02127659574468085,0.0,0.0,3.428414701042238e-05,0.0,0.0
com.catdaddy.birdturd,0.006920415224913495,0.0,0.0,6.856829402084476e-05,0.0,0.0
com.ccpcreations.android.VLW,0.0,0.0,0.0,0.0,0.0,0.0
com.cdel.med.phone,0.0,0.0,0.0,0.0,0.0,0.0
com.celliecraze.sketcher,0.0,0.0,0.0,0.0,0.0,0.0
com.celticspear.matches,0.0,0.0,0.0,0.0,0.0,0.0
com.cfinc.petapic,0.0,0.0,0.0,0.0,0.0,0.0
com.chillingo.jellyjumpers.android.aja.free,0.0,0.0,0.0,0.0,0.0,0.0
com.chillingo.robberybobfree.android.row,0.0,0.0,0.0,0.0,0.0,0.0
com.chinaamc.mfbh.amcActivity,0.058823529411764705,0.0,0.0,3.428414701042238e-05,0.0,0.0
com.chinesegamer.game.teabardash,0.028985507246376812,0.0,0.0,0.00013713658804168953,0.0,0.0
com.citrix.Receiver,0.0,0.0,0.0,0.0,0.0,0.0
com.clapfootgames.laserwarsfree,0.0,0.0,0.0,0.0,0.0,0.0
com.cleaner.main,0.0,0.0,0.0,0.0,0.0,0.0
com.clius.RP3DCappuccino,0.0,0.0,0.0,0.0,0.0,0.0
com.cmdm.polychrome.ui,0.28426395939086296,0.0,0.0,0.0005485463521667581,0.0,0.0
com.cola.twisohu,0.0,0.0,0.0,0.0,0.0,0.0
com.colorme.game.tuzi2,0.0,0.0,0.0,0.0,0.0,0.0
com.com2us.escapetheape2.qihu360.freefull.cmccmm.cn.android.common,0.015384615384615385,0.0,0.0,6.856829402084476e-05,0.0,0.0
com.coop_ox.beanbeanbang,0.04054054054054054,0.0,0.0,6.856829402084476e-05,0.0,0.0
com.craneballs.android.overkill,0.010416666666666666,0.0,0.0,3.428414701042238e-05,0.0,0.0
com.creativemobile.dragracingbe,0.0,0.0,0.0,0.0,0.0,0.0
com.cyou.chengyu,0.0,0.0,0.0,0.0,0.0,0.0
com.cyzapps.AnMath,0.0,0.0,0.0,0.0,0.0,0.0
com.daojia,0.0,0.0,0.0,0.0,0.0,0.0
com.daves.MazeMania3DEscape,0.0,0.0,0.0,0.0,0.0,0.0
com.dazhihui.gpad,0.0029585798816568047,0.0,0.0,3.428414701042238e-05,0.0,0.0
com.dberm22.SuperDimmerPro,0.0,0.0,0.0,0.0,0.0,0.0
com.dctimer,0.0,0.0,0.0,0.0,0.0,0.0
com.ddmap.android.compatible,0.0,0.0,0.0,0.0,0.0,0.0
com.dedalordnorth.skiingfred,0.0,0.0,0.0,0.0,0.0,0.0
com.devm.extremeforklifting,0.0,0.0,0.0,0.0,0.0,0.0
com.devsquare.logicsquare,0.0,0.0,0.0,0.0,0.0,0.0
com.dianxinos.app.theme.dx_theme.iphone,0.004310344827586207,0.0,0.0,3.428414701042238e-05,0.0,0.0
com.dianxinos.contacts,0.0,0.0,0.0,0.0,0.0,0.0
com.digitallegends.brucelee,0.010101010101010102,0.0,0.0,3.428414701042238e-05,0.0,0.0
com.dimcher.entertainment.ghostdetectorar,0.004739336492890996,0.0,0.0,3.428414701042238e-05,0.0,0.0
com.disney.ToyStorySmashIt.goo,0.021505376344086023,0.0,0.0,6.856829402084476e-05,0.0,0.0
com.djinnworks.RopeFly.lite,0.012195121951219513,0.0,0.0,3.428414701042238e-05,0.0,0.0
com.djinnworks.linerunnerfree,0.0,0.0,0.0,0.0,0.0,0.0
com.dogbytegames.offroadlegendsfree,0.0,0.0,0.0,0.0,0.0,0.0
com.donutgames.luckycoins,0.017857142857142856,0.0,0.0,3.428414701042238e-05,0.0,0.0
com.doodleapp.flashlight,0.0,0.0,0.0,0.0,0.0,0.0
com.droid27.transparentclockweather,0.0,0.0,0.0,0.0,0.0,0.0
com.droidhermes.bottleninja,0.0,0.0,0.0,0.0,0.0,0.0
com.droidstudio.game.devil2_cave,0.02,0.0,0.0,6.856829402084476e-05,0.0,0.0
com.drweb,0.0,0.0,0.0,0.0,0.0,0.0
com.dsemu.drasticcn,0.015463917525773196,0.0,0.0,0.00010285244103126714,0.0,0.0
com.dyj.pad,0.0,0.0,0.0,0.0,0.0,0.0
com.ebank.creditcard,0.0,0.0,0.0,0.0,0.0,0.0
com.ebay.mobile,0.0,0.0,0.0,0.0,0.0,0.0
com.ebodoo.babycookbook,0.0,0.0,0.0,0.0,0.0,0.0
com.ebodoo.babystory.ui,0.0,0.0,0.0,0.0,0.0,0.0
com.eivaagames.RealPool3D,0.0,0.0,0.0,0.0,0.0,0.0
com.elsdoerfer.android.autostarts,0.006756756756756757,0.0,0.0,3.428414701042238e-05,0.0,0.0
com.escape.ghost,0.10380116959064327,0.0043859649122807015,0.0,0.0010970927043335162,4.211945076236206e-05,0.0
com.eusoft.dehelper,0.0,0.0,0.0,0.0,0.0,0.0
com.eusoft.eshelper,0.0,0.0,0.0,0.0,0.0,0.0
com.eusoft.frhelper,0.0,0.0,0.0,0.0,0.0,0.0
com.eyelead.bunnymaze,0.0,0.0,0.0,0.0,0.0,0.0
com.ezjoynetwork.toymania,0.024390243902439025,0.0,0.0,6.856829402084476e-05,0.0,0.0
com.ezone.SnowPro,0.007518796992481203,0.0,0.0,3.428414701042238e-05,0.0,0.0
com.firezenk.ssb,0.0,0.0,0.0,0.0,0.0,0.0
com.fiveone.lightBlogging,0.0,0.0,0.0,0.0,0.0,0.0
com.forms,0.0,0.0,0.0,0.0,0.0,0.0
com.fotolr.photoshake,0.0,0.0,0.0,0.0,0.0,0.0
com.funinput.memo,0.0,0.0,0.0,0.0,0.0,0.0
com.g6677.android.dd,0.0,0.0,0.0,0.0,0.0,0.0
com.g6677.android.ggmakeup,0.0,0.0,0.0,0.0,0.0,0.0
com.game.JewelsLegend,0.0,0.0,0.0,0.0,0.0,0.0
com.gamehivecorp.kicktheboss.android,0.004866180048661801,0.0,0.0,6.856829402084476e-05,0.0,0.0
com.gameloft.android.ANMP.GloftTTHM,0.018072289156626505,0.0,0.0,6.856829402084476e-05,0.0,0.0
com.gameloft.android.GAND.GloftS3HP,0.0,0.0,0.0,0.0,0.0,0.0
com.gamenet.hotmods,0.057692307692307696,0.0,0.0,0.0001714207350521119,0.0,0.0
com.gamevil.colosseumheroes.marketfree,0.0070921985815602835,0.0070921985815602835,0.0,3.428414701042238e-05,4.211945076236206e-05,0.0
com.gamevil.fishing.global,0.0,0.0,0.0,0.0,0.0,0.0
com.gau.go.launcherex.gowidget.clockwidget,0.0,0.0,0.0,0.0,0.0,0.0
com.gau.go.launcherex.gowidget.notewidget,0.0,0.0,0.0,0.0,0.0,0.0
com.gau.go.launcherex.gowidget.switchwidget,0.0,0.0,0.0,0.0,0.0,0.0
com.gau.go.launcherex.gowidget.taskmanager,0.0,0.0,0.0,0.0,0.0,0.0
com.gau.go.launcherex.theme.pinkkitty,0.0,0.0,0.0,0.0,0.0,0.0
com.geimo.supermonkeyrun,0.0,0.0,0.0,0.0,0.0,0.0
com.glu.gunbros2,0.0,0.0,0.0,0.0,0.0,0.0
com.glutenfreegames.crocodilesimulator,0.016203703703703703,0.0,0.0,0.0001714207350521119,0.0,0.0
com.go.launcherpad,0.0,0.0,0.0,0.0,0.0,0.0
com.googlecode.droidwall.free,0.0,0.0,0.0,0.0,0.0,0.0
com.guangjun.cookbook,0.0,0.0,0.0,0.0,0.0,0.0
com.guokr.mentor,0.0,0.0,0.0,0.0,0.0,0.0
com.gutou.lexiang,0.0,0.0,0.0,0.0,0.0,0.0
com.gw.studioz.zombie.war,0.0,0.0,0.0,0.0,0.0,0.0
com.hairbobo,0.0,0.0,0.0,0.0,0.0,0.0
com.hengchang.client,0.0,0.0,0.0,0.0,0.0,0.0
com.hengyirong,0.0,0.0,0.0,0.0,0.0,0.0
com.hesh.five,0.004098360655737705,0.0,0.0,3.428414701042238e-05,0.0,0.0
com.hht.ayd,0.0,0.0,0.0,0.0,0.0,0.0
com.hht.fireman,0.0,0.0,0.0,0.0,0.0,0.0
com.hht.garden,0.0,0.0,0.0,0.0,0.0,0.0
com.hht.mathkingdom,0.0,0.0,0.0,0.0,0.0,0.0
com.hht.tour,0.0,0.0,0.0,0.0,0.0,0.0
com.hht.zjw,0.0,0.0,0.0,0.0,0.0,0.0
com.hj.hearing,0.0,0.0,0.0,0.0,0.0,0.0
com.hsj.ccae37,0.0,0.0,0.0,0.0,0.0,0.0
com.huawei.mobilenotes,0.0,0.0,0.0,0.0,0.0,0.0
com.hujiang.jpnews,0.007936507936507936,0.007936507936507936,0.0,3.428414701042238e-05,4.211945076236206e-05,0.0
com.hutchgames.smashcopsheat,0.02654867256637168,0.0,0.0,0.00020570488206253428,0.0,0.0
com.hzh.iStudy,0.0,0.0,0.0,0.0,0.0,0.0
com.iasolution.games.kysp.zhtw,0.0,0.0,0.0,0.0,0.0,0.0
com.ibm.gui,0.0,0.0,0.0,0.0,0.0,0.0
com.icloudzone.SpeedNight,0.0,0.0,0.0,0.0,0.0,0.0
com.iflytek.android.viafly.news,0.0,0.0,0.0,0.0,0.0,0.0
com.iflytek.elpmobile.englishweekly,0.8130081300813008,0.8130081300813008,0.0,0.003428414701042238,0.004211945076236206,0.0
com.iflytek.music.game.lyrics,0.0,0.0,0.0,0.0,0.0,0.0
com.iiseeuu.postcard,0.0,0.0,0.0,0.0,0.0,0.0
com.imo.android.imoimbeta,0.0,0.0,0.0,0.0,0.0,0.0
com.infothinker.gzmetro,0.0,0.0,0.0,0.0,0.0,0.0
com.intellectualflame.ledflashlight.washer,0.0,0.0,0.0,0.0,0.0,0.0
com.intellijoy.abc.trains.lite,0.0,0.0,0.0,0.0,0.0,0.0
com.iphonease.ledflashlight.button,0.0,0.0,0.0,0.0,0.0,0.0
com.iqinbao.android.songgroup1,0.0,0.0,0.0,0.0,0.0,0.0
com.iqinbao.android.songsfifty,0.0,0.0,0.0,0.0,0.0,0.0
com.istone.activity,0.0,0.0,0.0,0.0,0.0,0.0
com.itold.blzz,0.0,0.0,0.0,0.0,0.0,0.0
com.itold.jzds,0.0,0.0,0.0,0.0,0.0,0.0
com.iyuba.cet6,0.0,0.0,0.0,0.0,0.0,0.0
com.jackq.snap,0.0,0.0,0.0,0.0,0.0,0.0
com.jarworld.rpg.sanguocollege,0.010830324909747292,0.0,0.0,6.856829402084476e-05,0.0,0.0
com.jason.runman,0.0,0.0,0.0,0.0,0.0,0.0
com.jbapps.contactpro,0.0,0.0,0.0,0.0,0.0,0.0
com.jellybus.fxfree,0.0,0.0,0.0,0.0,0.0,0.0
com.jiajia.tv.activity,0.0,0.0,0.0,0.0,0.0,0.0
com.jiasoft.highrail,0.0,0.0,0.0,0.0,0.0,0.0
com.jifenzhong.android.activities,0.0,0.0,0.0,0.0,0.0,0.0
com.jin10,0.008403361344537815,0.0,0.0,3.428414701042238e-05,0.0,0.0
com.jinshou.jsinputmethod,0.0,0.0,0.0,0.0,0.0,0.0
com.jiubang.goscreenlock.theme.outside,0.0,0.0,0.0,0.0,0.0,0.0
com.jovision.ivbaby,0.0,0.0,0.0,0.0,0.0,0.0
com.july.freetransparentscreen,0.0,0.0,0.0,0.0,0.0,0.0
com.junerking.dragon,0.008695652173913044,0.0,0.0,3.428414701042238e-05,0.0,0.0
com.kaixin001.guessstar,0.0,0.0,0.0,0.0,0.0,0.0
com.kasuroid.blocksbreaker,0.0,0.0,0.0,0.0,0.0,0.0
com.katecca.screenofflock,0.0,0.0,0.0,0.0,0.0,0.0
com.kd19.game.caimingxing,0.0,0.0,0.0,0.0,0.0,0.0
com.kerui.aclient,0.0,0.0,0.0,0.0,0.0,0.0
com.kiwiple.mhm.free,0.0,0.0,0.0,0.0,0.0,0.0
com.kk.decopuri,0.0,0.0,0.0,0.0,0.0,0.0
com.kkgames.BaBiDeWanOu,0.0,0.0,0.0,0.0,0.0,0.0
com.kth.PuddingCamera,0.0,0.0,0.0,0.0,0.0,0.0
com.kuukaa.ca.activity,0.0,0.0,0.0,0.0,0.0,0.0
com.laikaboss.roaddrivers,0.0,0.0,0.0,0.0,0.0,0.0
com.lakento.sharksvr,0.0,0.0,0.0,0.0,0.0,0.0
com.laminadesign.PhotoVivaFree,0.0,0.0,0.0,0.0,0.0,0.0
com.launcher.air,0.0,0.0,0.0,0.0,0.0,0.0
com.layar,0.0,0.0,0.0,0.0,0.0,0.0
com.leadbank.lbf,0.0,0.0,0.0,0.0,0.0,0.0
com.lemon.pbox,0.0,0.0,0.0,0.0,0.0,0.0
com.letao.activity,0.14285714285714285,0.0,0.0,3.428414701042238e-05,0.0,0.0
com.leyou.fanscat,0.0,0.0,0.0,0.0,0.0,0.0
com.lhyy.childrenpuzzlepro,0.0,0.0,0.0,0.0,0.0,0.0
com.lily.times.trans.free,0.0,0.0,0.0,0.0,0.0,0.0
com.lingdong.client.android.nfc,0.0,0.0,0.0,0.0,0.0,0.0
com.linpusime_tc.android.linpus_tckbd,0.0,0.0,0.0,0.0,0.0,0.0
com.logagames.logaracing,0.008771929824561403,0.0,0.0,3.428414701042238e-05,0.0,0.0
com.macropinch.pearl,0.0,0.0,0.0,0.0,0.0,0.0
com.macropinch.swan,0.0,0.0,0.0,0.0,0.0,0.0
com.magmamobile.game.Plumber,0.0,0.0,0.0,0.0,0.0,0.0
com.manonmoon,0.014234875444839857,0.0,0.0,0.00023998902907295666,0.0,0.0
com.mapbar.android.gpsnavi,0.0,0.0,0.0,0.0,0.0,0.0
com.mapbar.android.mapbarmap1,0.0,0.0,0.0,0.0,0.0,0.0
com.mapbar.android.mapnavi,0.0,0.0,0.0,0.0,0.0,0.0
com.marmalade.decathlon,0.10526315789473684,0.0,0.0,0.00027427317608337906,0.0,0.0
com.marvelous.runbot,0.011312217194570135,0.0,0.0,0.00013713658804168953,0.0,0.0
com.mastercomlimited.streetskater,0.0,0.0,0.0,0.0,0.0,0.0
com.mbapp.calendar,0.0,0.0,0.0,0.0,0.0,0.0
com.mediawoz.goweather,0.0,0.0,0.0,0.0,0.0,0.0
com.mediocre.sprinklejunior_carrier,0.0,0.0,0.0,0.0,0.0,0.0
com.meetfuture.cooldrum,0.0,0.0,0.0,0.0,0.0,0.0
com.meetfuture.drawingmaster,0.0,0.0,0.0,0.0,0.0,0.0
com.merriamwebster,0.0,0.0,0.0,0.0,0.0,0.0
com.microsoft.translator,0.0,0.0,0.0,0.0,0.0,0.0
com.mijie.homi,0.017857142857142856,0.0,0.0,3.428414701042238e-05,0.0,0.0
com.mine.videoplayer,0.002717391304347826,0.0,0.0,3.428414701042238e-05,0.0,0.0
com.mizhongtech.qief,0.04081632653061224,0.0,0.0,6.856829402084476e-05,0.0,0.0
com.mjiudian.hoteldroid,0.0,0.0,0.0,0.0,0.0,0.0
com.mobilityware.spider,0.0,0.0,0.0,0.0,0.0,0.0
com.moblynx.galleryics,0.0,0.0,0.0,0.0,0.0,0.0
com.mobsnow.littleclan,0.11904761904761904,0.0,0.0,0.0009942402633022491,0.0,0.0
com.morrison.applocklite,0.0,0.0,0.0,0.0,0.0,0.0
com.mostar.MixFarm,0.0,0.0,0.0,0.0,0.0,0.0
com.movingames.safari2,0.0,0.0,0.0,0.0,0.0,0.0
com.ms.screencast,0.0,0.0,0.0,0.0,0.0,0.0
com.mxtech.ffmpeg.v6,0.0,0.0,0.0,0.0,0.0,0.0
com.myfitnesspal.android,0.0,0.0,0.0,0.0,0.0,0.0
com.nd.android.chemistry,0.0,0.0,0.0,0.0,0.0,0.0
com.netease.blog,0.0,0.0,0.0,0.0,0.0,0.0
com.netease.cloudalbum,0.0,0.0,0.0,0.0,0.0,0.0
com.netease.vopen.tablet,0.0,0.0,0.0,0.0,0.0,0.0
com.netqin.cc,0.0,0.0,0.0,0.0,0.0,0.0
com.nextgenreality.gunclubarmory,0.0,0.0,0.0,0.0,0.0,0.0
com.ngb.stock,0.0,0.0,0.0,0.0,0.0,0.0
com.nianticlabs.pokemongo,0.0016366612111292963,0.0,0.0,3.428414701042238e-05,0.0,0.0
com.nike.ntc,0.0,0.0,0.0,0.0,0.0,0.0
com.nobleempire.GunDisassembly2,0.006872852233676976,0.0,0.0,6.856829402084476e-05,0.0,0.0
com.noinnion.android.voicereading,0.0,0.0,0.0,0.0,0.0,0.0
com.notdoppler.earntodielite,0.0,0.0,0.0,0.0,0.0,0.0
com.nullapp.drumset,0.0,0.0,0.0,0.0,0.0,0.0
com.onekchi.downloadmanager,0.0,0.0,0.0,0.0,0.0,0.0
com.oppa.qz1yuan,0.0,0.0,0.0,0.0,0.0,0.0
com.ovmobile.focusget,0.0,0.0,0.0,0.0,0.0,0.0
com.palshock.sushislash,0.0,0.0,0.0,0.0,0.0,0.0
com.piaomsg,0.0,0.0,0.0,0.0,0.0,0.0
com.pikpok.fkff,0.0,0.0,0.0,0.0,0.0,0.0
com.pikpok.gbod,0.034334763948497854,0.0,0.0,0.00023998902907295666,0.0,0.0
com.piviandco.mixbooth,0.05,0.0,0.0,3.428414701042238e-05,0.0,0.0
com.playkp.wifimanager,0.03125,0.0,0.0,3.428414701042238e-05,0.0,0.0
com.pocketeers.funkycam3dfree,0.0,0.0,0.0,0.0,0.0,0.0
com.pocketgems.android.tappethotel,0.0,0.0,0.0,0.0,0.0,0.0
com.polarbit.tankriders2,0.047244094488188976,0.0,0.0,0.0001714207350521119,0.0,0.0
com.polydice.icook,0.0,0.0,0.0,0.0,0.0,0.0
com.popstar2.zplay,0.02459016393442623,0.0,0.0,0.00010285244103126714,0.0,0.0
com.pybeta.daymatter,0.0,0.0,0.0,0.0,0.0,0.0
com.qianming.me,0.0,0.0,0.0,0.0,0.0,0.0
com.qike.linkup,0.0,0.0,0.0,0.0,0.0,0.0
com.qqgame.mahjong,0.011235955056179775,0.0,0.0,3.428414701042238e-05,0.0,0.0
com.qunar.hotel,0.0,0.0,0.0,0.0,0.0,0.0
com.qyer.android.plan,0.8162393162393162,0.0,0.0,0.003702687877125617,0.0,0.0
com.rainbow.Cell,0.047619047619047616,0.0,0.0,3.428414701042238e-05,0.0,0.0
com.ratrodstudio.driftmanialite,0.00625,0.0,0.0,6.856829402084476e-05,0.0,0.0
com.realarcade.SSH,0.0,0.0,0.0,0.0,0.0,0.0
com.rebeltwins.crumblezone,0.014925373134328358,0.0029850746268656717,0.0,0.0001714207350521119,4.211945076236206e-05,0.0
com.redirectin.android.ime,0.0,0.0,0.0,0.0,0.0,0.0
com.retrostylegames.ZombieRHD,0.016574585635359115,0.0,0.0,0.00010285244103126714,0.0,0.0
com.rhmsoft.fm,0.0,0.0,0.0,0.0,0.0,0.0
com.rocketmind.fishingfull,0.0,0.0,0.0,0.0,0.0,0.0
com.rockgame.antiterrorshooter,0.0,0.0,0.0,0.0,0.0,0.0
com.rockplayer,0.0,0.0,0.0,0.0,0.0,0.0
com.roidgame.sushichain.activity,0.0,0.0,0.0,0.0,0.0,0.0
com.ruichuang,0.0,0.0,0.0,0.0,0.0,0.0
com.rvappstudios.bubblesmasher,0.0,0.0,0.0,0.0,0.0,0.0
com.san.applicationtransfer,0.0,0.0,0.0,0.0,0.0,0.0
com.sasapp.yuwen2s,0.0,0.0,0.0,0.0,0.0,0.0
com.sds.android.ttpod.skin.playday_104,0.0,0.0,0.0,0.0,0.0,0.0
com.sds.android.ttpod.skin.sad0141,0.0,0.0,0.0,0.0,0.0,0.0
com.secretexit.dismount,0.005780346820809248,0.0,0.0,3.428414701042238e-05,0.0,0.0
com.shangqu.security,0.0,0.0,0.0,0.0,0.0,0.0
com.shinycore.picsaypro,0.0,0.0,0.0,0.0,0.0,0.0
com.shyl_weather,0.0,0.0,0.0,0.0,0.0,0.0
com.sina.music,0.0,0.0,0.0,0.0,0.0,0.0
com.sina.sinavideo,0.0,0.0,0.0,0.0,0.0,0.0
com.sing.ringtone,0.0,0.0,0.0,0.0,0.0,0.0
com.singtel.mysingtel,0.0,0.0,0.0,0.0,0.0,0.0
com.sinovoice.teleblocker,0.0,0.0,0.0,0.0,0.0,0.0
com.sinyee.babybus.arithmetic,0.0,0.0,0.0,0.0,0.0,0.0
com.sinyee.babybus.body,0.0,0.0,0.0,0.0,0.0,0.0
com.sinyee.babybus.different,0.0,0.0,0.0,0.0,0.0,0.0
com.siriusapplications.quickboot,0.0,0.0,0.0,0.0,0.0,0.0
com.snda.speech.assitant,0.0,0.0,0.0,0.0,0.0,0.0
com.snda.tts.service,0.0047169811320754715,0.0,0.0,3.428414701042238e-05,0.0,0.0
com.soapcreative.thumbzilla,0.0,0.0,0.0,0.0,0.0,0.0
com.socialnmobile.hd.flashlight,0.0,0.0,0.0,0.0,0.0,0.0
com.softbrewmobile.offroadracerS,0.0,0.0,0.0,0.0,0.0,0.0
com.softtiger.nicecamera,0.0,0.0,0.0,0.0,0.0,0.0
com.sogou.map.android.maps.pad,0.0,0.0,0.0,0.0,0.0,0.0
com.songbei.Micang,0.13043478260869565,0.043478260869565216,0.0,0.00010285244103126714,4.211945076236206e-05,0.0
com.sonyericsson.android.datamonitor,0.0,0.0,0.0,0.0,0.0,0.0
com.soohoot.ptest,0.0,0.0,0.0,0.0,0.0,0.0
com.space.starfighter3001,0.021505376344086023,0.010752688172043012,0.0,6.856829402084476e-05,4.211945076236206e-05,0.0
com.speedsoftware.explorer,0.0,0.0,0.0,0.0,0.0,0.0
com.spinfall.frogonice.app,0.0,0.0,0.0,0.0,0.0,0.0
com.spinvector.fromcheese,0.03225806451612903,0.016129032258064516,0.0,6.856829402084476e-05,4.211945076236206e-05,0.0
com.splunchy.android.alarmclock,0.0,0.0,0.0,0.0,0.0,0.0
com.sqr5.android.audioplayer,0.0,0.0,0.0,0.0,0.0,0.0
com.ssmy.xia,0.0,0.0,0.0,0.0,0.0,0.0
com.storm.smart.libso.v5a,0.0,0.0,0.0,0.0,0.0,0.0
com.storm.smart.libso.v6a,0.0,0.0,0.0,0.0,0.0,0.0
com.storm.smart.libso.v7a,0.0,0.0,0.0,0.0,0.0,0.0
com.storychina,0.0,0.0,0.0,0.0,0.0,0.0
com.studiobaikin.darkguardian,0.03468208092485549,0.0,0.0,0.0001714207350521119,0.0,0.0
com.suixingpay,0.0,0.0,0.0,0.0,0.0,0.0
com.suning.phonesecurity,0.0,0.0,0.0,0.0,0.0,0.0
com.suning.weather,0.0,0.0,0.0,0.0,0.0,0.0
com.suteng.zzss480,0.0,0.0,0.0,0.0,0.0,0.0
com.syezon.kchuan,0.0,0.0,0.0,0.0,0.0,0.0
com.talkingpuppy.bubbles,0.0,0.0,0.0,0.0,0.0,0.0
com.tbs.tobosutype,0.0,0.0,0.0,0.0,0.0,0.0
com.tc.yuanshi,0.0,0.0,0.0,0.0,0.0,0.0
com.teamlava.zoostory,0.0,0.0,0.0,0.0,0.0,0.0
com.telecom.sc.housekeeper,0.0,0.0,0.0,0.0,0.0,0.0
com.tencent.microblog,0.0,0.0,0.0,0.0,0.0,0.0
com.tencent.qqgame.qqhlupwvga,0.058823529411764705,0.058823529411764705,0.0,3.428414701042238e-05,4.211945076236206e-05,0.0
com.tencent.tmgp.ttcz,0.06818181818181818,0.022727272727272728,0.0,0.00010285244103126714,4.211945076236206e-05,0.0
com.teslacoilsw.widgetlocker,0.0,0.0,0.0,0.0,0.0,0.0
com.tictactoe.wintrino,0.0,0.0,0.0,0.0,0.0,0.0
com.ting,0.0,0.0,0.0,0.0,0.0,0.0
com.tinypiece.android.PSFotolrPro,0.0,0.0,0.0,0.0,0.0,0.0
com.tinypiece.android.cs,0.0,0.0,0.0,0.0,0.0,0.0
com.tivola.horseworld.full.gp,0.0,0.0,0.0,0.0,0.0,0.0
com.tophotapp.madtruck2,0.022222222222222223,0.0,0.0,3.428414701042238e-05,0.0,0.0
com.touchtype.swiftkey,0.0,0.0,0.0,0.0,0.0,0.0
com.train,0.0,0.0,0.0,0.0,0.0,0.0
com.trunk.ticket,0.0,0.0,0.0,0.0,0.0,0.0
com.tsf.shell.widget.gallery,0.0,0.0,0.0,0.0,0.0,0.0
com.tsf.shell.widget.message,0.0,0.0,0.0,0.0,0.0,0.0
com.tsf.shell.widget.music,0.0,0.0,0.0,0.0,0.0,0.0
com.tsf.shell.widget.weather,0.0,0.0,0.0,0.0,0.0,0.0
com.ttzgame.bigbang,0.041666666666666664,0.020833333333333332,0.0,6.856829402084476e-05,4.211945076236206e-05,0.0
com.tuoniu.YovoGames.drawing,0.0,0.0,0.0,0.0,0.0,0.0
com.tuoniu.dokdoapps.mybabypiano,0.0,0.0,0.0,0.0,0.0,0.0
com.twist.draggerhd,0.0,0.0,0.0,0.0,0.0,0.0
com.twistedapps.wallpaperwizardrii,0.0,0.0,0.0,0.0,0.0,0.0
com.ub.main,0.09090909090909091,0.0,0.0,3.428414701042238e-05,0.0,0.0
com.uim,0.0,0.0,0.0,0.0,0.0,0.0
com.up91.pocket,0.0,0.0,0.0,0.0,0.0,0.0
com.utorrent.client,0.0,0.0,0.0,0.0,0.0,0.0
com.waze,0.0,0.0,0.0,0.0,0.0,0.0
com.wbr.sw,0.0125,0.0,0.0,3.428414701042238e-05,0.0,0.0
com.webprancer.google.garfieldescape,0.003355704697986577,0.0,0.0,3.428414701042238e-05,0.0,0.0
com.wildtanget.polarbowler,0.017543859649122806,0.0,0.0,3.428414701042238e-05,0.0,0.0
com.wondertek.wirelesscityahyd,0.0,0.0,0.0,0.0,0.0,0.0
com.wuxiastudio.customringtone,0.0,0.0,0.0,0.0,0.0,0.0
com.wytl.android.cosbuyer,0.0,0.0,0.0,0.0,0.0,0.0
com.xiangcaizq.dzh,0.3333333333333333,0.0,0.0,3.428414701042238e-05,0.0,0.0
com.xianzhisoft.tianchao,0.0,0.0,0.0,0.0,0.0,0.0
com.xiaomi.topic,0.0,0.0,0.0,0.0,0.0,0.0
com.xieyan.book,0.00558659217877095,0.0,0.0,3.428414701042238e-05,0.0,0.0
com.xingbook.paint,0.0,0.0,0.0,0.0,0.0,0.0
com.xinshipu.android,0.0,0.0,0.0,0.0,0.0,0.0
com.xllusion.livewallpaper.bloomingnight,0.0,0.0,0.0,0.0,0.0,0.0
com.xllusion.livewallpaper.bubble,0.0,0.0,0.0,0.0,0.0,0.0
com.xllusion.livewallpaper.sakura,0.0,0.0,0.0,0.0,0.0,0.0
com.yidongjishu.renzhika,0.0,0.0,0.0,0.0,0.0,0.0
com.yidongjishu.tangshi,0.0,0.0,0.0,0.0,0.0,0.0
com.yijia.dazhe,0.11214953271028037,0.06542056074766354,0.0,6.856829402084476e-05,4.211945076236206e-05,0.0
com.yunpai,0.0,0.0,0.0,0.0,0.0,0.0
com.zcom.ZcomReader,0.0,0.0,0.0,0.0,0.0,0.0
com.zcy.FindingFault,0.07692307692307693,0.0,0.0,6.856829402084476e-05,0.0,0.0
com.zhangdan.safebox,0.008403361344537815,0.0,0.0,6.856829402084476e-05,0.0,0.0
com.zxr415.thunder3,0.01098901098901099,0.0,0.0,3.428414701042238e-05,0.0,0.0
dk.tactile.sealteam1,0.0,0.0,0.0,0.0,0.0,0.0
duomi.app.activity,0.0,0.0,0.0,0.0,0.0,0.0
eu.chainfire.perfmon,0.0,0.0,0.0,0.0,0.0,0.0
fishnoodle.aquarium,0.01090909090909091,0.0036363636363636364,0.0,0.00010285244103126714,4.211945076236206e-05,0.0
fishnoodle.clouds_free,0.0,0.0,0.0,0.0,0.0,0.0
fm.yue.android,0.0,0.0,0.0,0.0,0.0,0.0
ginlemon.flowerfree,0.0196078431372549,0.0,0.0,3.428414701042238e-05,0.0,0.0
hu.tagsoft.ttorrent.lite,0.0,0.0,0.0,0.0,0.0,0.0
imoblife.prenatallullabies.lite,0.0,0.0,0.0,0.0,0.0,0.0
it.android.demi.elettronica,0.009708737864077669,0.0,0.0,3.428414701042238e-05,0.0,0.0
it.medieval.blueftp,0.0,0.0,0.0,0.0,0.0,0.0
jackpal.androidterm,0.0,0.0,0.0,0.0,0.0,0.0
jiaodoushi.android.wabdc,0.0,0.0,0.0,0.0,0.0,0.0
jp.co.c_lis.ccl.morelocale,0.0,0.0,0.0,0.0,0.0,0.0
jp.co.canon.ic.eos.eosremote,0.0,0.0,0.0,0.0,0.0,0.0
jp.co.idac.hauntedhouse,0.008547008547008548,0.002849002849002849,0.0,0.00010285244103126714,4.211945076236206e-05,0.0
jp.damomo.bluestcrest,0.034482758620689655,0.0,0.0,0.0003428414701042238,0.0,0.0
jp.izayoiwind.packetstate,0.0,0.0,0.0,0.0,0.0,0.0
jp.ne.neko.freewing.OffHookButton,0.0,0.0,0.0,0.0,0.0,0.0
jp.nmochizu.kirakira,0.0,0.0,0.0,0.0,0.0,0.0
kr.co.and.iq55m,0.0,0.0,0.0,0.0,0.0,0.0
kr.co.vcnc.android.couple,0.0,0.0,0.0,0.0,0.0,0.0
la.droid.qr,0.0,0.0,0.0,0.0,0.0,0.0
lqs.kaisi.kdlianliankan,0.004651162790697674,0.0,0.0,3.428414701042238e-05,0.0,0.0
mobi.infolife.installer,0.0,0.0,0.0,0.0,0.0,0.0
mobi.thinkchange.android.touchlock,0.0,0.0,0.0,0.0,0.0,0.0
net.daum.android.daum,0.0,0.0,0.0,0.0,0.0,0.0
net.mobilecraft.realbasketball,0.0,0.0,0.0,0.0,0.0,0.0
net.pyrosphere.lazors,0.0,0.0,0.0,0.0,0.0,0.0
net.qfpay.android,0.0,0.0,0.0,0.0,0.0,0.0
nl.fameit.rotate,0.0,0.0,0.0,0.0,0.0,0.0
nl.gamistry.GoldDiggers,0.017543859649122806,0.017543859649122806,0.0,3.428414701042238e-05,4.211945076236206e-05,0.0
nl.m2h.crashdrive,0.0,0.0,0.0,0.0,0.0,0.0
obg1.Photaf,0.0,0.0,0.0,0.0,0.0,0.0
oms.mmc.fortunetelling.fate.ziwei.zhan,0.004761904761904762,0.004761904761904762,0.0,3.428414701042238e-05,4.211945076236206e-05,0.0
oms.mmc.fortunetelling.hexagramssign.xiuxingzhe,0.0,0.0,0.0,0.0,0.0,0.0
org.ab.x48,0.0,0.0,0.0,0.0,0.0,0.0
org.adwfreak.launcher,0.0,0.0,0.0,0.0,0.0,0.0
org.drhu.FunnyFace,0.0,0.0,0.0,0.0,0.0,0.0
org.gmote.client.android,0.0,0.0,0.0,0.0,0.0,0.0
org.macrowh.ctiot.driver,0.0,0.0,0.0,0.0,0.0,0.0
org.microemu.android.Main20100909132747953,0.0297029702970297,0.0,0.0,0.00030855732309380144,0.0,0.0
org.ntpsync,0.0,0.0,0.0,0.0,0.0,0.0
org.wen.taskman,0.0,0.0,0.0,0.0,0.0,0.0
panso.remwordfour,0.0,0.0,0.0,0.0,0.0,0.0
pixlr.OMatic,0.16666666666666666,0.0,0.0,3.428414701042238e-05,0.0,0.0
pl.idreams.Birds,0.0,0.0,0.0,0.0,0.0,0.0
pl.idreams.ShootTheZombirds,0.002105263157894737,0.002105263157894737,0.0,3.428414701042238e-05,4.211945076236206e-05,0.0
proscio.wallpaper.shamrock,0.0,0.0,0.0,0.0,0.0,0.0
roman10.media.converter,0.0,0.0,0.0,0.0,0.0,0.0
since2006.apps.chineselunar,0.0,0.0,0.0,0.0,0.0,0.0
smsr.com.cw,0.007194244604316547,0.0,0.0,3.428414701042238e-05,0.0,0.0
sr.daiv.sls.es,0.0,0.0,0.0,0.0,0.0,0.0
stericson.busybox,0.0,0.0,0.0,0.0,0.0,0.0
strand.app.img_editer,0.0,0.0,0.0,0.0,0.0,0.0
talking.toy.pretty.girl,0.0,0.0,0.0,0.0,0.0,0.0
tipitap.coloring.phones,0.034482758620689655,0.034482758620689655,0.0,3.428414701042238e-05,4.211945076236206e-05,0.0
tw.llc.fortunename,0.0,0.0,0.0,0.0,0.0,0.0
yt.wnl,0.0,0.0,0.0,0.0,0.0,0.0
zausan.zdevicetest,0.02631578947368421,0.0,0.0,3.428414701042238e-05,0.0,0.0
